"title","year","decade","accession_number","thumbnailUrl","color1","color2","color3"
"The Strode Family",1738,1730,"N01153","http://www.tate.org.uk/art/images/work/N/N01/N01153_8.jpg","#3B332F","#9C9A87","#C1CBBD"
"Thomas Pellett, M.D.",1735,1730,"T01570","http://www.tate.org.uk/art/images/work/T/T01/T01570_8.jpg","#2E2918","#A28D62","#DAB788"
"Lobster on a Delft Dish",1738,1730,"T03301","http://www.tate.org.uk/art/images/work/T/T03/T03301_8.jpg","#443123","#A35A3D","#CE6940"
"Breaking-Up Day at Dr Clayton’s School at Salford",1738,1730,"T03103","http://www.tate.org.uk/art/images/work/T/T03/T03103_8.jpg","#4A3B2D","#969A80","#AABFB1"
"A Music Party",1737,1730,"T00922","http://www.tate.org.uk/art/images/work/T/T00/T00922_8.jpg","#473D33","#9F8C71","#D0BC9E"
"Viscount Weymouth’s Hunt: Mr Jackson, the Hon. Henry Villiers and the Hon. Thomas Villiers, with Hunters and Hounds",1733,1730,"T11836","http://www.tate.org.uk/art/images/work/T/T11/T11836_8.jpg","#4D3C29","#A39275","#CFC4AB"
"Mr Oldham and his Guests",1735,1730,"N05864","http://www.tate.org.uk/art/images/work/N/N05/N05864_8.jpg","#2D281B","#9E8768","#C8A37E"
"Unknown Gentleman",1730,1730,"T01894","http://www.tate.org.uk/art/images/work/T/T01/T01894_8.jpg","#717171","#9F9F9F","#C4C4C4"
"The Inner Temple after the Fire of 4 January 1737",1737,1730,"N02984","http://www.tate.org.uk/art/images/work/N/N02/N02984_8.jpg","#3B332F","#9C9A87","#B9C2B2"
"Life-Size Horse with Huntsman Blowing a Horn",1732,1730,"T12608","http://www.tate.org.uk/art/images/work/T/T12/T12608_8.jpg","#3B332F","#9C9A87","#B9C2B2"
"Mr Drake of Shardeloes",1734,1730,"T09134","http://www.tate.org.uk/art/images/work/T/T09/T09134_8.jpg","#F1E7D6","#E7DCCA","#CFC3B3"
"A Rake’s Progress (plate 4)",1735,1730,"T01791","http://www.tate.org.uk/art/images/work/T/T01/T01791_8.jpg","#625D54","#A0998D","#E2DCD0"
"James Quin, Actor",1739,1730,"N01935","http://www.tate.org.uk/art/images/work/N/N01/N01935_8.jpg","#4B3C36","#9D8B76","#DAC2AA"
"A Youth of the Lee Family, Probably William Lee of Totteridge Park",1738,1730,"T03539","http://www.tate.org.uk/art/images/work/T/T03/T03539_8.jpg","#423633","#A46054","#D2A5A2"
"Viscount Weymouth’s Hunt: The Hon. John Spencer beside a Hunter held by a Young Boy",1733,1730,"T11837","http://www.tate.org.uk/art/images/work/T/T11/T11837_8.jpg","#493B28","#A29982","#CAC7B6"
"Covent Garden Market",1737,1730,"N01453","http://www.tate.org.uk/art/images/work/N/N01/N01453_8.jpg","#2E2918","#A28D62","#D0A777"
"A Rake’s Progress (plate 8)",1735,1730,"T01794","http://www.tate.org.uk/art/images/work/T/T01/T01794_8.jpg","#6A655C","#9F988D","#E8E4D8"
"Riders Encountering a Figure of Fate",1730,1730,"T00911","http://www.tate.org.uk/art/images/work/T/T00/T00911_8.jpg","#35210F","#9A5F1D","#CD8B4E"
"Ashley Cowper with his Wife and Daughter",1731,1730,"T00809","http://www.tate.org.uk/art/images/work/T/T00/T00809_8.jpg","#444231","#94987E","#D2CDBE"
"A Jacobite Group in St James Park",1735,1730,"T07092","http://www.tate.org.uk/art/images/work/T/T07/T07092_8.jpg","#351B0F","#997C5A","#C7A57C"
"The Harlowe Family",1745,1740,"T04194","http://www.tate.org.uk/art/images/work/T/T04/T04194_8.jpg","#D4C5A7","#E2D4B9","#D9CFB8"
"A Couple Dressed in the Height of Fashion",1744,1740,"T04238","http://www.tate.org.uk/art/images/work/T/T04/T04238_8.jpg","#A57E57","#C5A076","#E3D2B6"
"Lady Mary Churchill at the Death of the Hare",1748,1740,"T02378","http://www.tate.org.uk/art/images/work/T/T02/T02378_8.jpg","#403222","#DDDFDE","#9D926D"
"A Gentleman in a Brown Velvet Coat",1747,1740,"N04107","http://www.tate.org.uk/art/images/work/N/N04/N04107_8.jpg","#3E3526","#9E8B69","#C6AF87"
"Wooded Landscape with a Peasant Resting",1747,1740,"N01283","http://www.tate.org.uk/art/images/work/N/N01/N01283_8.jpg","#524939","#979790","#BFAF8C"
"Portrait of a Gentleman, possibly Hugh Marriott",1746,1740,"T00201","http://www.tate.org.uk/art/images/work/T/T00/T00201_8.jpg","#4B3E28","#977B4D","#D5A874"
"Landscape with Figures under a Tree",1746,1740,"N01486","http://www.tate.org.uk/art/images/work/N/N01/N01486_8.jpg","#3B332F","#9C9A87","#B9C2B2"
"View of Copped Hall in Essex, from the Park",1746,1740,"T07555","http://www.tate.org.uk/art/images/work/T/T07/T07555_8.jpg","#4B4724","#D9CFAE","#A49A6D"
"Study for ‘The Marriage of Miss Whichcote of Harpswell with the Dean of York’-I",1749,1740,"T04218","http://www.tate.org.uk/art/images/work/T/T04/T04218_8.jpg","#E7E1CF","#E5DECB","#D3CAB6"
"Study of a Pumpkin Plant against a Rocky Background",1740,1740,"D04152","http://www.tate.org.uk/art/images/work/D/D04/D04152_8.jpg","#6D7165","#8D9183","#DFDDCF"
"Mrs Salter",1741,1740,"N01663","http://www.tate.org.uk/art/images/work/N/N01/N01663_8.jpg","#36322F","#A47243","#CDA573"
"Westminster Bridge under Construction",1744,1740,"T03665","http://www.tate.org.uk/art/images/work/T/T03/T03665_8.jpg","#A2CCD7","#647965","#BEDACE"
"O the Roast Beef of Old England (‘The Gate of Calais’)",1749,1740,"T03918","http://www.tate.org.uk/art/images/work/T/T03/T03918_8.jpg","#5D5B4E","#A49E8E","#CBC4B7"
"Study for ‘The Marriage of Miss Whichcote of Harpswell with the Dean of York’-III",1749,1740,"T04220","http://www.tate.org.uk/art/images/work/T/T04/T04220_8.jpg","#DFD8C6","#D3C9B5","#C1B7A2"
"James Harlowe tries to Join the Hands of Clarissa and Mr Solmes by Force",1745,1740,"T04195","http://www.tate.org.uk/art/images/work/T/T04/T04195_8.jpg","#D3C4A4","#E3D3B6","#D5C9AF"
"Benjamin Hoadly, Bishop of Winchester",1741,1740,"N02736","http://www.tate.org.uk/art/images/work/N/N02/N02736_8.jpg","#413B36","#9C9393","#CBB4AC"
"Study for ‘The Marriage of Miss Whichcote of Harpswell with the Dean of York’-II",1749,1740,"T04219","http://www.tate.org.uk/art/images/work/T/T04/T04219_8.jpg","#ECE6D6","#E2DBCB","#CCC6B6"
"I: Mr B. Finds Pamela Writing",1743,1740,"N03573","http://www.tate.org.uk/art/images/work/N/N03/N03573_8.jpg","#40342B","#A28548","#CBA045"
"Henry Crispe of the Custom House",1746,1740,"T05784","http://www.tate.org.uk/art/images/work/T/T05/T05784_8.jpg","#281C14","#A2845C","#CAB38E"
"Mr Russell on his Bay Hunter",1740,1740,"T02372","http://www.tate.org.uk/art/images/work/T/T02/T02372_8.jpg","#583D25","#D3D8C9","#A08256"
"A Sunset, with a View of Nine Elms",1750,1750,"T01235","http://www.tate.org.uk/art/images/work/T/T01/T01235_8.jpg","#D7E5E3","#7C7857","#BBD1D0"
"George Taylor Triumphing over Death",1750,1750,"T08212","http://www.tate.org.uk/art/images/work/T/T08/T08212_8.jpg","#DFC8AA","#BE9B80","#D0A889"
"Sir George Lee",1753,1750,"T00674","http://www.tate.org.uk/art/images/work/T/T00/T00674_8.jpg","#4D422E","#977B5B","#BF9470"
"A Morning, with a View of Cuckold’s Point",1750,1750,"N05450","http://www.tate.org.uk/art/images/work/N/N05/N05450_8.jpg","#9A9888","#5C503B","#C1B18A"
"The Match between Aaron and Driver at Maidenhead, Aug. 1754: Driver Winning the Third Heat",1754,1750,"T02367","http://www.tate.org.uk/art/images/work/T/T02/T02367_8.jpg","#463322","#C4C091","#A49666"
"Ariccia",1752,1750,"N01097","http://www.tate.org.uk/art/images/work/N/N01/N01097_8.jpg","#2D2720","#959A9C","#D5D6CB"
"River Scene with Ruins",1756,1750,"N01779","http://www.tate.org.uk/art/images/work/N/N01/N01779_8.jpg","#322512","#A4AD89","#BFB57F"
"Lady Hall of Dunglass",1752,1750,"N06066","http://www.tate.org.uk/art/images/work/N/N06/N06066_8.jpg","#463A31","#A28968","#D0A875"
"Gin Lane",1751,1750,"T01799","http://www.tate.org.uk/art/images/work/T/T01/T01799_8.jpg","#74695B","#CDBDA5","#D5C6AF"
"A Family Group in a Landscape",1750,1750,"N05049","http://www.tate.org.uk/art/images/work/N/N05/N05049_8.jpg","#443123","#A35A3D","#CE673E"
"Study of a Cow in a Landscape",1758,1750,"T08111","http://www.tate.org.uk/art/images/work/T/T08/T08111_8.jpg","#A1764B","#7E5D3F","#EBDAC7"
"Self-Portrait when Young",1753,1750,"N00889","http://www.tate.org.uk/art/images/work/N/N00/N00889_8.jpg","#161211","#A7907F","#CEB7A4"
"Alexander Boswell, Lord Auchinleck",1754,1750,"T01049","http://www.tate.org.uk/art/images/work/T/T01/T01049_8.jpg","#442F26","#A27A5B","#C1956E"
"Sigismunda Mourning over the Heart of Guiscardo",1759,1750,"N01046","http://www.tate.org.uk/art/images/work/N/N01/N01046_8.jpg","#36342A","#A18D64","#C7B186"
"Castle by a Lake",1750,1750,"N02716","http://www.tate.org.uk/art/images/work/N/N02/N02716_8.jpg","#6A563F","#D2AA45","#E4C260"
"Near Charlton, Kent",1753,1750,"T08270","http://www.tate.org.uk/art/images/work/T/T08/T08270_8.jpg","#999583","#676154","#DFD8C6"
"A Girl Sewing",1750,1750,"T00759","http://www.tate.org.uk/art/images/work/T/T00/T00759_8.jpg","#383228","#A08D6E","#CDAE88"
"An Old Horse",1755,1750,"N01484","http://www.tate.org.uk/art/images/work/N/N01/N01484_8.jpg","#624C3A","#9D8D7D","#C4B6A6"
"Rocky Bay Scene",1759,1750,"T08044","http://www.tate.org.uk/art/images/work/T/T08/T08044_8.jpg","#635F54","#A3A08A","#EEE9DC"
"Italian Composition: The Outskirts of a Town",1750,1750,"T08512","http://www.tate.org.uk/art/images/work/T/T08/T08512_8.jpg","#7E6D59","#EFE6D6","#D0C0A4"
"A Discussion on Painting (Vol. IV, The Art of Poetry), engraved by A. Walker",1766,1760,"T04316","http://www.tate.org.uk/art/images/work/T/T04/T04316_8.jpg","#867761","#D5C7B2","#C8BAA4"
"View near the Loggerheads, Denbigh",1765,1760,"N02989","http://www.tate.org.uk/art/images/work/N/N02/N02989_8.jpg","#DEE3E3","#886D48","#C4B398"
"An Officer of the 16th Light Dragoons",1765,1760,"T00642","http://www.tate.org.uk/art/images/work/T/T00/T00642_8.jpg","#3A2826","#A28875","#D9C9BD"
"A Landscape with the Story of Cadmus Killing the Dragon",1765,1760,"T04121","http://www.tate.org.uk/art/images/work/T/T04/T04121_8.jpg","#2B281E","#9CC7CF","#86A29B"
"Sunset: Carthorses Drinking at a Stream",1760,1760,"N00310","http://www.tate.org.uk/art/images/work/N/N00/N00310_8.jpg","#494028","#9F9569","#D4BF7E"
"[title not known]",1768,1760,"T11341","http://www.tate.org.uk/art/images/work/T/T11/T11341_8.jpg","#877D6B","#D0C4AB","#D8CEB8"
"Newmarket Heath, with a Rubbing-Down House",1765,1760,"T02388","http://www.tate.org.uk/art/images/work/T/T02/T02388_8.jpg","#76604D","#D2D9E7","#B2C9DF"
"A Girl Singing Ballads by a Paper Lanthorn",1765,1760,"N05471","http://www.tate.org.uk/art/images/work/N/N05/N05471_8.jpg","#140903","#D3B37E","#A77031"
"Tivoli; Temple of the Sibyl and the Campagna",1765,1760,"T01706","http://www.tate.org.uk/art/images/work/T/T01/T01706_8.jpg","#5E5442","#D2CBAD","#C2BB9D"
"Sir Watkin Williams-Wynn and his Mother",1768,1760,"N05750","http://www.tate.org.uk/art/images/work/N/N05/N05750_8.jpg","#2E2918","#A28D62","#D0A777"
"[title not known]",1762,1760,"T11377","http://www.tate.org.uk/art/images/work/T/T11/T11377_8.jpg","#E7DFCB","#E5DDC8","#B9AF9B"
"A Lake",1763,1760,"T00980","http://www.tate.org.uk/art/images/work/T/T00/T00980_8.jpg","#A5946B","#5A4F32","#CAB487"
"Andromache Offering Sacrifice to Hector’s Shade",1760,1760,"T05872","http://www.tate.org.uk/art/images/work/T/T05/T05872_8.jpg","#533D35","#9D7A6E","#CFAFA2"
"A Lady with Hands Folded",1760,1760,"T08477","http://www.tate.org.uk/art/images/work/T/T08/T08477_8.jpg","#8B7562","#C7B29A","#E0D0BB"
"An Assembly of Shepherds (Vol. I, Book II, Ode 19), engraved by A. Walker",1766,1760,"T04313","http://www.tate.org.uk/art/images/work/T/T04/T04313_8.jpg","#7E715E","#D1C6B3","#D1C6B2"
"Abel Moysey",1764,1760,"N00678","http://www.tate.org.uk/art/images/work/N/N00/N00678_8.jpg","#3A2816","#9F762F","#BE9340"
"Mr and Mrs Dalton and their Niece Mary de Heulle",1765,1760,"T01895","http://www.tate.org.uk/art/images/work/T/T01/T01895_8.jpg","#4A3B2D","#969A80","#A8C0B2"
"Sir James Hodges",1765,1760,"N03545","http://www.tate.org.uk/art/images/work/N/N03/N03545_8.jpg","#3B332F","#9C9A87","#B9C2B2"
"Woody Landscape with Building",1768,1760,"N01825","http://www.tate.org.uk/art/images/work/N/N01/N01825_8.jpg","#473D33","#957D5E","#A7977D"
"‘The Parish Clerk’ (Edward Orpin, Parish Clerk of Bradford-upon-Avon)",1760,1760,"N00760","http://www.tate.org.uk/art/images/work/N/N00/N00760_8.jpg","#2F291A","#9F8B5E","#C7B178"
"In the Wood near Albano",1774,1770,"T09403","http://www.tate.org.uk/art/images/work/T/T09/T09403_8.jpg","#AB9F8A","#DDD3C1","#D3C6AF"
"Two Gentlemen Going Shooting with a Dog and a Groom with Two Shooting Ponies",1771,1770,"N03624","http://www.tate.org.uk/art/images/work/N/N03/N03624_8.jpg","#E0CDAD","#A38D6F","#DBC8A9"
"Mrs Cadoux",1770,1770,"N03728","http://www.tate.org.uk/art/images/work/N/N03/N03728_8.jpg","#423628","#A28F75","#C7AE90"
"Plucking the Turkey",1776,1770,"N02870","http://www.tate.org.uk/art/images/work/N/N02/N02870_8.jpg","#36302E","#A3957B","#CDBE93"
"Llyn-y-Cau, Cader Idris",1774,1770,"N05596","http://www.tate.org.uk/art/images/work/N/N05/N05596_8.jpg","#6D6241","#D7DFED","#BABEBB"
"I. The Hero Decides to Seek his Fortune",1775,1770,"N05837","http://www.tate.org.uk/art/images/work/N/N05/N05837_8.jpg","#4F382B","#9E773D","#D9B37F"
"Before Storm",1770,1770,"T01949","http://www.tate.org.uk/art/images/work/T/T01/T01949_8.jpg","#443123","#A35A3D","#CE673E"
"Head of a Lady in a Tall Headdress, Said To Be Susanna Duncombe",1770,1770,"T04299","http://www.tate.org.uk/art/images/work/T/T04/T04299_8.jpg","#D0BFA9","#E2D0B8","#D9C7AF"
"Study for ‘The Collapse of the Earl of Chatham’",1779,1770,"N01072","http://www.tate.org.uk/art/images/work/N/N01/N01072_8.jpg","#694523","#9C793B","#CDB073"
"The Collapse of the Earl of Chatham in the House of Lords, 7 July 1778",1779,1770,"N00100","http://www.tate.org.uk/art/images/work/N/N00/N00100_8.jpg","#403329","#9C846C","#C3A88D"
"Miss Harriet Parrot",1772,1770,"T11601","http://www.tate.org.uk/art/images/work/T/T11/T11601_8.jpg","#493C34","#9F8F7D","#E4D6C3"
"Near the City of Nice. (A Wide Valley)",1773,1770,"T09544","http://www.tate.org.uk/art/images/work/T/T09/T09544_8.jpg","#ECE5D4","#D0C7B3","#A59C8B"
"A Convent at Surrentum",1778,1770,"T09271","http://www.tate.org.uk/art/images/work/T/T09/T09271_8.jpg","#9A8972","#DFCFBA","#DAC8A7"
"William Pitt, Earl of Chatham",1778,1770,"T06580","http://www.tate.org.uk/art/images/work/T/T06/T06580_8.jpg","#5C574D","#A29C8F","#D9D4C9"
"Edward Young D.C.L.",1777,1770,"T11600","http://www.tate.org.uk/art/images/work/T/T11/T11600_8.jpg","#918577","#C9BDAD","#EAE1D1"
"Elizabeth, Countess of Craven, Later Margravine of Anspach",1778,1770,"N01669","http://www.tate.org.uk/art/images/work/N/N01/N01669_8.jpg","#423624","#A2680B","#C37107"
"The Artist’s Daughter Mary",1777,1770,"N05638","http://www.tate.org.uk/art/images/work/N/N05/N05638_8.jpg","#211E16","#A39478","#CDC4AF"
"A Scene of Murder (Letters XV, p. 182), engraved by Isaac Taylor",1773,1770,"T04317","http://www.tate.org.uk/art/images/work/T/T04/T04317_8.jpg","#817461","#C4B79F","#CCBFA9"
"Sir Thomas Beauchamp-Proctor, Bt",1777,1770,"N05264","http://www.tate.org.uk/art/images/work/N/N05/N05264_8.jpg","#42271D","#A04B37","#D3997B"
"A View of Catania with Mount Etna in the Distance",1775,1770,"T01278","http://www.tate.org.uk/art/images/work/T/T01/T01278_8.jpg","#D9E3DD","#5A5549","#D5D0B8"
"Houses and Part of the Bridge at Llangollen",1786,1780,"D36396","http://www.tate.org.uk/art/images/work/D/D36/D36396_8.jpg","#A0947C","#C2B59C","#C9C0A7"
"Age Teaching Youth",1785,1780,"N05183","http://www.tate.org.uk/art/images/work/N/N05/N05183_8.jpg","#7F8483","#BDBEBF","#E3DFDD"
"The Lodge and Gate of Radley Hall, Abingdon Road Entrance, with Part of the Park",1789,1780,"D00044","http://www.tate.org.uk/art/images/work/D/D00/D00044_8.jpg","#EFE8D4","#847964","#E5DDC7"
"The Siege and Relief of Gibraltar, 13 September 1782; ?replica",1783,1780,"N00787","http://www.tate.org.uk/art/images/work/N/N00/N00787_8.jpg","#4F3D2B","#A17F53","#CABA8E"
"Study of the Buildings of a Fulling Mill, Seen from Above",1786,1780,"D36403","http://www.tate.org.uk/art/images/work/D/D36/D36403_8.jpg","#C4B79A","#C9BEA2","#998C73"
"Self-Portrait as a Figure of Horror",1784,1780,"N01834","http://www.tate.org.uk/art/images/work/N/N01/N01834_8.jpg","#D0C6C2","#CBC0B8","#AFA29D"
"Blank",1789,1780,"D40212","http://www.tate.org.uk/art/images/work/D/D40/D40212_8.jpg","#DAD4C0","#D4CEB6","#514E45"
"The Bridge at Beddgelert with Part of Moel Hebog",1786,1780,"D36386","http://www.tate.org.uk/art/images/work/D/D36/D36386_8.jpg","#D2C0A4","#C7B395","#8F7F67"
"Study of the Doorway in the North Front of Radley Hall, Abingdon",1789,1780,"D00012","http://www.tate.org.uk/art/images/work/D/D00/D00012_8.jpg","#FAF5E4","#F5EDD9","#847669"
"Wooded Landscape with Three Cows at a Pool",1785,1780,"T01439","http://www.tate.org.uk/art/images/work/T/T01/T01439_8.jpg","#756852","#A0937B","#E0D8C1"
"Wood near Albano",1781,1780,"T08184","http://www.tate.org.uk/art/images/work/T/T08/T08184_8.jpg","#584B3F","#AB9982","#CEBDA5"
"William Smith the Actor",1788,1780,"N00133","http://www.tate.org.uk/art/images/work/N/N00/N00133_8.jpg","#1C1C1C","#A5A5A5","#CACACA"
"?Diagram of the Plan or Elevation of a Building",1789,1780,"D00010","http://www.tate.org.uk/art/images/work/D/D00/D00010_8.jpg","#E7E0CC","#D2C6AB","#585144"
"George IV when Prince of Wales",1785,1780,"N00890","http://www.tate.org.uk/art/images/work/N/N00/N00890_8.jpg","#322B20","#9D7645","#BC9243"
"Thunderstorm with the Death of Amelia",1784,1780,"T00519","http://www.tate.org.uk/art/images/work/T/T00/T00519_8.jpg","#303332","#C5D2C2","#8F9F96"
"Plate 16",1785,1780,"T03184","http://www.tate.org.uk/art/images/work/T/T03/T03184_8.jpg","#F4EDE2","#787065","#C7BEB1"
"Broodmares and Colts in a Landscape",1783,1780,"T02359","http://www.tate.org.uk/art/images/work/T/T02/T02359_8.jpg","#403E2F","#969E92","#B5BCB2"
"Wanstead New Church",1789,1780,"D00051","http://www.tate.org.uk/art/images/work/D/D00/D00051_8.jpg","#E4DCCA","#D5C9B4","#BEB49F"
"Lake of Como",1781,1780,"T08569","http://www.tate.org.uk/art/images/work/T/T08/T08569_8.jpg","#87806E","#C0B59E","#D4C5A9"
"A Stableman in a Striped Coat with Dog and Saddled Horse in Front of Trees",1789,1780,"D00031","http://www.tate.org.uk/art/images/work/D/D00/D00031_8.jpg","#F0E9D7","#D0C5AD","#79705F"
"Ground Plan of Wollaton Hall",1794,1790,"D00249","http://www.tate.org.uk/art/images/work/D/D00/D00249_8.jpg","#F0ECDC","#685E4C","#CDC4AB"
"A River Valley with Mountains Beyond",1798,1790,"D01356","http://www.tate.org.uk/art/images/work/D/D01/D01356_8.jpg","#EEE1CD","#403A31","#DCCBAF"
"Full-length Écorché Figure",1791,1790,"D00124","http://www.tate.org.uk/art/images/work/D/D00/D00124_8.jpg","#E3DDCD","#CCC4B1","#E2DCCD"
"Composition Study of Shipping at Sea, with a Three-master and a Lugger",1792,1790,"D00400","http://www.tate.org.uk/art/images/work/D/D00/D00400_8.jpg","#E3DDC8","#DED7C2","#938E7E"
"The Avon near Wallis’s Wall",1791,1790,"D00109","http://www.tate.org.uk/art/images/work/D/D00/D00109_8.jpg","#5C5B47","#A29C81","#E1D8C2"
"Blank",1796,1790,"D00797","http://www.tate.org.uk/art/images/work/D/D00/D00797_8.jpg","#FBF3E1","#494034","#DBC6A4"
"A Group of Figures",1799,1790,"D04936","http://www.tate.org.uk/art/images/work/D/D04/D04936_8.jpg","#98ADB1","#495355","#A2B7BD"
"Howden Minster: Chapter House and East End",1797,1790,"D00987","http://www.tate.org.uk/art/images/work/D/D00/D00987_8.jpg","#EDE9D6","#403A2F","#D4C6A8"
"Buttermere from above the Village, with Fleetwith Pike in the Distance (Left)",1797,1790,"D01030","http://www.tate.org.uk/art/images/work/D/D01/D01030_8.jpg","#F0ECE0","#4C453B","#D5C5A8"
"Oxford: The Interior of New College Chapel, Looking through the Organ Screen towards Reynolds’s West Window",1798,1790,"D02347","http://www.tate.org.uk/art/images/work/D/D02/D02347_8.jpg","#DFD8C9","#CFC6B4","#B8AC99"
"The Bastion of a Castle (?White Castle, Monmouth), with Some Small Buildings and Trees Beyond",1798,1790,"D01587","http://www.tate.org.uk/art/images/work/D/D01/D01587_8.jpg","#EAE2CF","#51483A","#CCBEA5"
"Distant View of Caerphilly Castle ?from the South West",1798,1790,"D01754","http://www.tate.org.uk/art/images/work/D/D01/D01754_8.jpg","#FBECC7","#43311C","#E2C796"
"Two Groups of Figures: (Above) A Man and a Bundle on her Head; (Below) A Kneeling Woman with Another Fainting in her Lap, Perhaps Adapted from Poussin’s ‘Adoration of the Golden Calf’",1799,1790,"D04015","http://www.tate.org.uk/art/images/work/D/D04/D04015_8.jpg","#3D4342","#A0ACAA","#B3C1BF"
"Shipping, with Rowing Boats",1799,1790,"D04994","http://www.tate.org.uk/art/images/work/D/D04/D04994_8.jpg","#ABBBBC","#8C9998","#ADBFC0"
"View in the Lake District: ?Above Coniston",1797,1790,"D01106","http://www.tate.org.uk/art/images/work/D/D01/D01106_8.jpg","#4D3C29","#A39275","#CBBFA8"
"Newport, Isle of Wight: The Town Hall",1795,1790,"D00455","http://www.tate.org.uk/art/images/work/D/D00/D00455_8.jpg","#E7E1CF","#554D3E","#D0C4A8"
"Stonehenge",1799,1790,"D04092","http://www.tate.org.uk/art/images/work/D/D04/D04092_8.jpg","#9CA7A6","#4A4C47","#B8C2C1"
"Bristol Cathedral from College Green",1791,1790,"D00108","http://www.tate.org.uk/art/images/work/D/D00/D00108_8.jpg","#8A8572","#C1BCA7","#CCC6AF"
"A Stream, with Large Rocks and Trees",1792,1790,"D00141","http://www.tate.org.uk/art/images/work/D/D00/D00141_8.jpg","#B4B5A6","#BDBDAE","#3D3D39"
"Shipping at Sea under a Cloudy Sunset Sky",1796,1790,"D01118","http://www.tate.org.uk/art/images/work/D/D01/D01118_8.jpg","#947760","#615244","#C2A278"
"St Catherine’s Hill, Guildford Castle and Guildford Mills",1807,1800,"D06611","http://www.tate.org.uk/art/images/work/D/D06/D06611_8.jpg","#F6F0DF","#3D362D","#D1C4A9"
"A Lake and Mountains",1801,1800,"D03331","http://www.tate.org.uk/art/images/work/D/D03/D03331_8.jpg","#2E2918","#A28D62","#D0A777"
"Sandycombe Lodge, Twickenham: An Unexecuted Elevation from the East and Plan",1809,1800,"D08069","http://www.tate.org.uk/art/images/work/D/D08/D08069_8.jpg","#F3ECDA","#53493B","#CBBCA1"
"Verses (Inscriptions ?by Turner)",1808,1800,"D07147","http://www.tate.org.uk/art/images/work/D/D07/D07147_8.jpg","#E9E0D0","#464038","#CCC2AF"
"Men-of-War at Anchor",1807,1800,"D06530","http://www.tate.org.uk/art/images/work/D/D06/D06530_8.jpg","#F6F0DF","#342E29","#D0C4A9"
"Sandycombe Lodge, Twickenham: An Unexecuted Elevation and Plan",1809,1800,"D08075","http://www.tate.org.uk/art/images/work/D/D08/D08075_8.jpg","#F4EDDB","#4A4134","#CDBFA3"
"An Aqueduct among Trees",1805,1800,"D05591","http://www.tate.org.uk/art/images/work/D/D05/D05591_8.jpg","#2D281B","#9D7854","#9F9A7F"
"Gretna Green: The Village Street and Smithy",1801,1800,"D03269","http://www.tate.org.uk/art/images/work/D/D03/D03269_8.jpg","#E5DDCA","#4D473B","#D3C6B0"
"Classical Buildings by a River",1805,1800,"D05539","http://www.tate.org.uk/art/images/work/D/D05/D05539_8.jpg","#837B70","#C4BCAF","#C8C2B5"
"Trees by the Thames; ?Sutton Courtenay",1805,1800,"D05893","http://www.tate.org.uk/art/images/work/D/D05/D05893_8.jpg","#B0A491","#7C7262","#BFB29F"
"Inscription by Turner: Initials",1802,1800,"D40791","http://www.tate.org.uk/art/images/work/D/D40/D40791_8.jpg","#6D3320","#904B32","#BC8563"
"?Petworth Park and Lake",1809,1800,"D07755","http://www.tate.org.uk/art/images/work/D/D07/D07755_8.jpg","#EADCC3","#4F3D2F","#DDCDAF"
"A Blacksmith Shoeing a Horse",1807,1800,"D06025","http://www.tate.org.uk/art/images/work/D/D06/D06025_8.jpg","#E8E2D6","#564E43","#CCC3AD"
"The Lake of Brienz with Ringgenberg Castle",1802,1800,"D04753","http://www.tate.org.uk/art/images/work/D/D04/D04753_8.jpg","#EBE7DC","#F0EBE0","#71665B"
"The Playden Heights, Rye, from the River Rother",1806,1800,"D05765","http://www.tate.org.uk/art/images/work/D/D05/D05765_8.jpg","#6B5E47","#C6B58F","#D5C49D"
"A Nude Woman Standing, Seen from Behind, Arms in Alternate Positions",1800,1800,"D05219","http://www.tate.org.uk/art/images/work/D/D05/D05219_8.jpg","#E4E0D0","#535046","#C8C2AE"
"The Tummel Valley from Pitlochry, Looking West",1801,1800,"D03153","http://www.tate.org.uk/art/images/work/D/D03/D03153_8.jpg","#E1D9C6","#666050","#D5C8AF"
"List of Subscribers (Inscriptions by Turner)",1806,1800,"D05379","http://www.tate.org.uk/art/images/work/D/D05/D05379_8.jpg","#F3E3C8","#D9C7AB","#585043"
"An Ancient Castle. Sketching Society Subject",1807,1800,"T09362","http://www.tate.org.uk/art/images/work/T/T09/T09362_8.jpg","#60574A","#A2947D","#D4C7AD"
"List of Biblical and Other Subjects (Inscriptions by Turner)",1805,1800,"D05580","http://www.tate.org.uk/art/images/work/D/D05/D05580_8.jpg","#898272","#C1B9A5","#C9C3B1"
"Morwellham and the Tamar Valley",1814,1810,"D09655","http://www.tate.org.uk/art/images/work/D/D09/D09655_8.jpg","#F1E4CC","#4B4134","#D8C5A6"
"Studies of Sculptural Fragments from the Vatican Museums, Including Maenads on a Round Altar and Two Seated Female Statues",1819,1810,"D15152","http://www.tate.org.uk/art/images/work/D/D15/D15152_8.jpg","#EEE8D8","#40372E","#CBB89A"
"A Ship in the Harbour, Naples, with the Mole Lighthouse and the Castel dell’Ovo",1819,1810,"D15673","http://www.tate.org.uk/art/images/work/D/D15/D15673_8.jpg","#EFE7DB","#36312B","#CEBFA6"
"The Tamar Valley towards Calstock Church, from near Gunnislake",1813,1810,"D10274","http://www.tate.org.uk/art/images/work/D/D10/D10274_8.jpg","#EEE6DA","#5A5145","#CBBCA5"
"Vico Equense from the Sea; and a View of Vesuvius and Naples from Vico Equense",1819,1810,"D15851","http://www.tate.org.uk/art/images/work/D/D15/D15851_8.jpg","#E9E3D7","#655F52","#C8C0AD"
"Swaledale from near Downholme, Looking towards Ellerton",1816,1810,"D11234","http://www.tate.org.uk/art/images/work/D/D11/D11234_8.jpg","#E1DBC8","#5C5546","#CAC1AA"
"A Valley with a Bridge and a Distant Tower, Probably in North Devon",1814,1810,"D09578","http://www.tate.org.uk/art/images/work/D/D09/D09578_8.jpg","#F1E6CD","#5B4F3E","#CEBC9D"
"Askrigg from the North-East",1816,1810,"D11278","http://www.tate.org.uk/art/images/work/D/D11/D11278_8.jpg","#E6E0CF","#625845","#CABFA6"
"Studies of Sculptural Fragments and Reliefs from the Vatican Museums, Including a Sarcophagus of a Girl",1819,1810,"D15129","http://www.tate.org.uk/art/images/work/D/D15/D15129_8.jpg","#EAE3D1","#302B25","#CDC1A7"
"St Winnow from the River Fowey",1811,1810,"D08776","http://www.tate.org.uk/art/images/work/D/D08/D08776_8.jpg","#EBE5D5","#484137","#CBBFA9"
"Crambe Beck Bridge, on the Road Between Malton and York",1816,1810,"D11976","http://www.tate.org.uk/art/images/work/D/D11/D11976_8.jpg","#EEE6D3","#413E36","#D4CBB3"
"?Sails or Shipping",1815,1810,"D10594","http://www.tate.org.uk/art/images/work/D/D10/D10594_8.jpg","#E8E1CA","#534939","#CFC4A6"
"Fourth of June at Eton",1816,1810,"D12519","http://www.tate.org.uk/art/images/work/D/D12/D12519_8.jpg","#E7E0CC","#484237","#D1C8B2"
"Hatherleigh",1814,1810,"D09582","http://www.tate.org.uk/art/images/work/D/D09/D09582_8.jpg","#F2E8D1","#53493A","#CDBC9D"
"Bonneville, Savoy",1816,1810,"A01135","http://www.tate.org.uk/art/images/work/A/A01/A01135_8.jpg","#684838","#E3D2C0","#A17B61"
"Entrance of Yordas Cave, Kingsdale",1816,1810,"D11111","http://www.tate.org.uk/art/images/work/D/D11/D11111_8.jpg","#DED7C5","#6B6150","#CCC2AC"
"Vessels in Distance",1814,1810,"D10011","http://www.tate.org.uk/art/images/work/D/D10/D10011_8.jpg","#F3E6CD","#37312A","#D8C3A3"
"Witton Castle",1817,1810,"D12338","http://www.tate.org.uk/art/images/work/D/D12/D12338_8.jpg","#E6E0D5","#4E4941","#CBC3B2"
"Borthwick Castle, and a Street Scene",1818,1810,"D13504","http://www.tate.org.uk/art/images/work/D/D13/D13504_8.jpg","#E4E0D5","#4C433B","#C9C0AE"
"Peristyle of the Villa of Diomides, Pompeii",1819,1810,"D15743","http://www.tate.org.uk/art/images/work/D/D15/D15743_8.jpg","#E6E0D0","#483F32","#CDC1AA"
"?Devonport Docks",1828,1820,"D25205","http://www.tate.org.uk/art/images/work/D/D25/D25205_8.jpg","#CAB595","#BEA886","#C6B596"
"Shipping",1824,1820,"D19869","http://www.tate.org.uk/art/images/work/D/D19/D19869_8.jpg","#E8E0D2","#6B6151","#C8BAA4"
"A Town",1828,1820,"D21413","http://www.tate.org.uk/art/images/work/D/D21/D21413_8.jpg","#E3E4D9","#403D35","#C9C5AE"
"St Mawes, Cornwall",1824,1820,"T04410","http://www.tate.org.uk/art/images/work/T/T04/T04410_8.jpg","#787067","#E6DFD5","#C6BDB2"
"Colebrooke Dale",1825,1820,"T04821","http://www.tate.org.uk/art/images/work/T/T04/T04821_8.jpg","#3E3227","#D5C1A7","#9D8B74"
"Rotterdam, from River",1825,1820,"D18955","http://www.tate.org.uk/art/images/work/D/D18/D18955_8.jpg","#E7E0CE","#413C33","#CDC2AD"
"View of Rouen from Bonsecours",1826,1820,"D24092","http://www.tate.org.uk/art/images/work/D/D24/D24092_8.jpg","#F0E7D7","#3D3934","#CFBEA3"
"Whitstable, Kent, engraved by Horsburgh",1826,1820,"T06001","http://www.tate.org.uk/art/images/work/T/T06/T06001_8.jpg","#5D5446","#A39885","#D1C6B4"
"View from Gardens, with Distant Town",1828,1820,"D21613","http://www.tate.org.uk/art/images/work/D/D21/D21613_8.jpg","#DFD8CE","#423E39","#C9C0B2"
"Buildings, with Distant Mountains",1828,1820,"D14853","http://www.tate.org.uk/art/images/work/D/D14/D14853_8.jpg","#F3EEE3","#433C34","#D1C5AF"
"Thenot and Colinet Folding their Flocks together at Sunset",1821,1820,"A00124","http://www.tate.org.uk/art/images/work/A/A00/A00124_8.jpg","#535351","#EFEFEB","#9E9E9C"
"Two Views of Arundel Castle, in Distance",1824,1820,"D18418","http://www.tate.org.uk/art/images/work/D/D18/D18418_8.jpg","#DED8CD","#60584C","#C6BCAA"
"Florence, for Rogers’s ‘Italy’",1826,1820,"D27673","http://www.tate.org.uk/art/images/work/D/D27/D27673_8.jpg","#E7DFCC","#E8E1CE","#B8AB91"
"Amateur Theatricals",1827,1820,"D22707","http://www.tate.org.uk/art/images/work/D/D22/D22707_8.jpg","#939992","#807A70","#EDE8DB"
"Shipping, with Distant View of Aix [Turner] (-la-Chapelle)",1825,1820,"D19137","http://www.tate.org.uk/art/images/work/D/D19/D19137_8.jpg","#ECDFCE","#5E4F3E","#D4C0A7"
"Group of Peasants",1824,1820,"D19952","http://www.tate.org.uk/art/images/work/D/D19/D19952_8.jpg","#E2DDCC","#726A5B","#C6BEA9"
"The Grove, Hampstead",1821,1820,"N01246","http://www.tate.org.uk/art/images/work/N/N01/N01246_8.jpg","#555043","#9C998D","#BFBBAC"
"(1) Burg Treis, Looking Downstream; (2) Karden and Treis, Looking Downstream, with Details of St Castor’s Church, Karden and the Zilleskapelle, Treis; (3) Burg Treis, Looking Upstream; Zilleskapelle, Looking Upstream: (4) with Treis; (5) with Karden",1824,1820,"D19800","http://www.tate.org.uk/art/images/work/D/D19/D19800_8.jpg","#6C6251","#E2D6C0","#D4C8B1"
"Dover from Shakespeare’s Cliff",1826,1820,"T05251","http://www.tate.org.uk/art/images/work/T/T05/T05251_8.jpg","#E5DFD0","#837D6C","#C9C3B0"
"Scene on Coast (?at Folkestone)",1825,1820,"D18867","http://www.tate.org.uk/art/images/work/D/D18/D18867_8.jpg","#E7DECD","#443D33","#D4C7B0"
"Buxton from the North-West; the Cupola and Other Details of St John the Baptist’s Church, Buxton",1830,1830,"D22254","http://www.tate.org.uk/art/images/work/D/D22/D22254_8.jpg","#EEE7D1","#423C31","#D1C4A2"
"Stuttgart from the East",1833,1830,"D29906","http://www.tate.org.uk/art/images/work/D/D29/D29906_8.jpg","#4A3B2D","#969A80","#A8C0B2"
"(1) Mautausen from Upstream; (2) The Stadtturm of Enns; (3) Enns from the Danube; (4) Spielberg; (5) Mauthausen from Downstream; (6) Hills along the Danube",1833,1830,"D30242","http://www.tate.org.uk/art/images/work/D/D30/D30242_8.jpg","#E0DBCA","#5B5549","#C9C3AE"
"Prospect of Hills, Probably near Kulm",1835,1830,"D30368","http://www.tate.org.uk/art/images/work/D/D30/D30368_8.jpg","#E6E0CD","#403B35","#CCC5B0"
"[title not known]",1830,1830,"D25066","http://www.tate.org.uk/art/images/work/D/D25/D25066_8.jpg","#A3B6B2","#AFBFBC","#394142"
"Landscape, with Mountains",1830,1830,"D34656","http://www.tate.org.uk/art/images/work/D/D34/D34656_8.jpg","#E8E6DA","#DFDDCF","#6C6A62"
"Dryburgh Abbey",1831,1830,"D25942","http://www.tate.org.uk/art/images/work/D/D25/D25942_8.jpg","#E7E1CB","#484336","#CEC6AC"
"Shipping. (?Dordrecht)",1835,1830,"D32513","http://www.tate.org.uk/art/images/work/D/D32/D32513_8.jpg","#ECE4D1","#443C34","#D6CAAE"
"Paris, from St Cloud",1832,1830,"D23907","http://www.tate.org.uk/art/images/work/D/D23/D23907_8.jpg","#F1E9D7","#3A362E","#CFC4AA"
"Bridge over a River",1839,1830,"D28226","http://www.tate.org.uk/art/images/work/D/D28/D28226_8.jpg","#EBDEC4","#322F2A","#DBCDB1"
"Sisteron",1835,1830,"D29564","http://www.tate.org.uk/art/images/work/D/D29/D29564_8.jpg","#DBD8CA","#524B3D","#CAC5B2"
"Ruined Arches",1830,1830,"D34008","http://www.tate.org.uk/art/images/work/D/D34/D34008_8.jpg","#EEE5D2","#EADECD","#625E5A"
"[title not known]",1830,1830,"D25100","http://www.tate.org.uk/art/images/work/D/D25/D25100_8.jpg","#777777","#565656","#9F9F9F"
"Standing Figure, with One Arm Raised",1832,1830,"D27484","http://www.tate.org.uk/art/images/work/D/D27/D27484_8.jpg","#EBE5CF","#534B3C","#DAC6A8"
"South-West Transept of Kelso Abbey",1831,1830,"D26025","http://www.tate.org.uk/art/images/work/D/D26/D26025_8.jpg","#E4DDCA","#59533D","#D0C7AE"
"The Cloisters and Chapter House of Worcester Cathedral; Distant Views of Worcester",1831,1830,"D22313","http://www.tate.org.uk/art/images/work/D/D22/D22313_8.jpg","#E8E0C8","#3D332B","#D4CBB0"
"Buildings",1830,1830,"D34011","http://www.tate.org.uk/art/images/work/D/D34/D34011_8.jpg","#C5B8A5","#CABDAB","#5E584F"
"Boats on River; Also Ruins of Sonnenberg [Turner]",1834,1830,"D28702","http://www.tate.org.uk/art/images/work/D/D28/D28702_8.jpg","#E8E3D2","#3D352D","#CBC1A6"
"[inscriptions by Turner]",1837,1830,"D32724","http://www.tate.org.uk/art/images/work/D/D32/D32724_8.jpg","#E9DDC9","#393229","#D9C8AF"
"Lucerne",1830,1830,"D34107","http://www.tate.org.uk/art/images/work/D/D34/D34107_8.jpg","#3B332F","#9C9A87","#B9C2B2"
"Buildings and Cliffs",1845,1840,"D35667","http://www.tate.org.uk/art/images/work/D/D35/D35667_8.jpg","#E7E4D7","#433B35","#C9BEA9"
"Tower with Mountains",1841,1840,"D33661","http://www.tate.org.uk/art/images/work/D/D33/D33661_8.jpg","#DCCDB7","#847A6B","#DDCDB4"
"Lucerne",1844,1840,"D29810","http://www.tate.org.uk/art/images/work/D/D29/D29810_8.jpg","#E9E5D8","#3E3C38","#C9C2AD"
"At Lucerne",1841,1840,"D33134","http://www.tate.org.uk/art/images/work/D/D33/D33134_8.jpg","#DDD4BF","#1D1C19","#B1A38A"
"Passau: View down the Ilz to the Oberhaus",1840,1840,"D31390","http://www.tate.org.uk/art/images/work/D/D31/D31390_8.jpg","#E7D8BF","#DECFB3","#44392C"
"Mountains, Towers, Etc. Finebole, Switz [Turner] (Schwitz)",1841,1840,"D33464","http://www.tate.org.uk/art/images/work/D/D33/D33464_8.jpg","#E3DBC8","#3D3A34","#CFC5AF"
"Sky Study",1845,1840,"D36312","http://www.tate.org.uk/art/images/work/D/D36/D36312_8.jpg","#62564A","#90958F","#908F83"
"Pallanza, on Lago Maggiore, with Isola Madre",1842,1840,"D33618","http://www.tate.org.uk/art/images/work/D/D33/D33618_8.jpg","#D7D3C3","#9A9584","#E3E0C9"
"Valley, with Mountains and Church on Hill",1841,1840,"D33581","http://www.tate.org.uk/art/images/work/D/D33/D33581_8.jpg","#E4D8C3","#DFD4BF","#988E7C"
"View of Lucerne",1841,1840,"D33505","http://www.tate.org.uk/art/images/work/D/D33/D33505_8.jpg","#D0B591","#DDC6A2","#E4D5BA"
"Castle on Rock",1841,1840,"D32982","http://www.tate.org.uk/art/images/work/D/D32/D32982_8.jpg","#E6E8DB","#41423C","#C1C0B1"
"[title not known]",1845,1840,"D35535","http://www.tate.org.uk/art/images/work/D/D35/D35535_8.jpg","#E8E8E0","#473C36","#CAC1AC"
"Chapel just below Bellinzona, on Road to Locarno",1842,1840,"D33572","http://www.tate.org.uk/art/images/work/D/D33/D33572_8.jpg","#D7C5A8","#C1B3A1","#CDB18C"
"Mountains",1841,1840,"D33218","http://www.tate.org.uk/art/images/work/D/D33/D33218_8.jpg","#E5DBC8","#37322B","#D0C1A9"
"Lake, with Mountains. Bargland [Turner] (Bürglen, Lake of Lungern), Etc.",1841,1840,"D33178","http://www.tate.org.uk/art/images/work/D/D33/D33178_8.jpg","#E9E3D2","#322F2A","#CFC5B0"
"St Goar and Burg Rheinfels, Looking Downstream to Burg Maus",1844,1840,"D35185","http://www.tate.org.uk/art/images/work/D/D35/D35185_8.jpg","#473D33","#957D5E","#A7977D"
"Shade and Darkness - the Evening of the Deluge",1843,1840,"N00531","http://www.tate.org.uk/art/images/work/N/N00/N00531_8.jpg","#5F5542","#9F977D","#CFC1A0"
"The H. Espions at an Apple Stall [Turner]; with Other Sketches",1845,1840,"D35487","http://www.tate.org.uk/art/images/work/D/D35/D35487_8.jpg","#D6C4A4","#3E3428","#CAB391"
"Fishing Boat Leaving Harbour",1845,1840,"D35687","http://www.tate.org.uk/art/images/work/D/D35/D35687_8.jpg","#E6DDCD","#3E3B35","#CEC4B0"
"Bornhofen, Burg Sterrenberg and Burg Liebenstein",1840,1840,"D30543","http://www.tate.org.uk/art/images/work/D/D30/D30543_8.jpg","#E5DFC9","#675B4C","#CFC2A8"
"Black Lion Wharf, Wapping",1859,1850,"N02426","http://www.tate.org.uk/art/images/work/N/N02/N02426_8.jpg","#F3ECE1","#877D73","#C7BDB1"
"[title not known]",1858,1850,"A00884","http://www.tate.org.uk/art/images/work/A/A00/A00884_8.jpg","#EFE9DB","#7C766B","#C9BFAE"
"[title not known]",1858,1850,"A00898","http://www.tate.org.uk/art/images/work/A/A00/A00898_8.jpg","#E9E1CE","#CDC2AE","#736A5D"
"Snow-Storm, engraved by R. Brandard",1859,1850,"T06363","http://www.tate.org.uk/art/images/work/T/T06/T06363_8.jpg","#908881","#C4BCB3","#E7E1D9"
"Bligh Sand, engraved by R. Brandard",1859,1850,"T06317","http://www.tate.org.uk/art/images/work/T/T06/T06317_8.jpg","#5F5A52","#A39B90","#D9D2C7"
"Dutch Boats in a Gale (Bridgewater Gallery), engraved by Armytage",1859,1850,"T06303","http://www.tate.org.uk/art/images/work/T/T06/T06303_8.jpg","#54524D","#A09B92","#E4DFD6"
"The Battle of Trafalgar, engraved by W. Miller",1859,1850,"T06310","http://www.tate.org.uk/art/images/work/T/T06/T06310_8.jpg","#5D5A55","#DAD6CE","#A5A199"
"The Fairy Feller’s Master-Stroke",1855,1850,"T00598","http://www.tate.org.uk/art/images/work/T/T00/T00598_8.jpg","#433E30","#9E9379","#9F9F94"
"Head of Falstaff",1851,1850,"A00740","http://www.tate.org.uk/art/images/work/A/A00/A00740_8.jpg","#6C281D","#A26039","#D1926B"
"Hesterna Rosa",1853,1850,"N04626","http://www.tate.org.uk/art/images/work/N/N04/N04626_8.jpg","#584B3D","#E2D0B1","#A49279"
"Genoa, from the Shore to the North",1851,1850,"T08947","http://www.tate.org.uk/art/images/work/T/T08/T08947_8.jpg","#8D826A","#CDC8B7","#C9C3AD"
"A Cottage in a Cornfield",1855,1850,"T04096","http://www.tate.org.uk/art/images/work/T/T04/T04096_8.jpg","#79756B","#EDEAE3","#C3BEB3"
"Studies for ‘April Love’",1856,1850,"T00276","http://www.tate.org.uk/art/images/work/T/T00/T00276_8.jpg","#AEA391","#8C816B","#BDAF97"
"[title not known]",1858,1850,"A00890","http://www.tate.org.uk/art/images/work/A/A00/A00890_8.jpg","#E4DBC7","#877262","#D3C4AD"
"A Country Blacksmith, engraved by C.W. Sharpe",1859,1850,"T06309","http://www.tate.org.uk/art/images/work/T/T06/T06309_8.jpg","#504C46","#9B958B","#DDD5C9"
"Picciola",1853,1850,"N03626","http://www.tate.org.uk/art/images/work/N/N03/N03626_8.jpg","#5C5241","#A38C63","#C6A974"
"Study of Hands",1859,1850,"T09106","http://www.tate.org.uk/art/images/work/T/T09/T09106_8.jpg","#EFE9DD","#F0E8DC","#BFAB98"
"The Plains of Heaven",1851,1850,"T01928","http://www.tate.org.uk/art/images/work/T/T01/T01928_8.jpg","#433B38","#D0CED0","#868CA1"
"Chaucer at the Court of Edward III",1856,1850,"N02063","http://www.tate.org.uk/art/images/work/N/N02/N02063_8.jpg","#542D23","#D6AD7E","#A46337"
"‘Take your Son, Sir’",1851,1850,"N04429","http://www.tate.org.uk/art/images/work/N/N04/N04429_8.jpg","#776C5B","#D3C9B4","#CDC4B0"
"The Lent Jewels, engraved by the Dalziel Brothers",1862,1860,"N04124","http://www.tate.org.uk/art/images/work/N/N04/N04124_8.jpg","#7E7A71","#D5D0C3","#C5C0B4"
"Summer Snow, engraved by the Dalziel Brothers",1863,1860,"N04047","http://www.tate.org.uk/art/images/work/N/N04/N04047_8.jpg","#605E57","#9E9C91","#E6E1D4"
"The Foolish Virgins",1864,1860,"A00802","http://www.tate.org.uk/art/images/work/A/A00/A00802_8.jpg","#3D3935","#EDE8E1","#A49F98"
"Study of the Head of Tristram for ‘The Madness of Sir Tristram’",1862,1860,"A00078","http://www.tate.org.uk/art/images/work/A/A00/A00078_8.jpg","#D4D2C2","#BFBDAD","#E1E0CF"
"Rain, engraved by the Brothers Dalziel",1867,1860,"N04027","http://www.tate.org.uk/art/images/work/N/N04/N04027_8.jpg","#5F5A55","#A19A92","#DFD9D1"
"Study of a Kneeling Boy Bending a Bow, for Dorchester House",1860,1860,"N03774","http://www.tate.org.uk/art/images/work/N/N03/N03774_8.jpg","#D3C2A2","#C7A884","#E2C4A0"
"Lieder ohne Worte",1861,1860,"T03053","http://www.tate.org.uk/art/images/work/T/T03/T03053_8.jpg","#836A4A","#C9AB76","#DBC9A7"
"The Wise Virgins",1864,1860,"A00794","http://www.tate.org.uk/art/images/work/A/A00/A00794_8.jpg","#655D54","#E0D8CC","#A1988D"
"Mother and Children Reading",1860,1860,"N04151","http://www.tate.org.uk/art/images/work/N/N04/N04151_8.jpg","#553739","#9D695A","#D4AE99"
"The Angel Announcing the Birth of Our Lord to the Shepherds",1860,1860,"N01957","http://www.tate.org.uk/art/images/work/N/N01/N01957_8.jpg","#8F724E","#997950","#CDAD80"
"Clerk Saunders",1861,1860,"N04390","http://www.tate.org.uk/art/images/work/N/N04/N04390_8.jpg","#5B4336","#9C765C","#D2A275"
"A Garden",1869,1860,"T03064","http://www.tate.org.uk/art/images/work/T/T03/T03064_8.jpg","#9D7E56","#C4A681","#D3C7C2"
"Child Among the Rocks, engraved by the Dalziel Brothers",1865,1860,"N04019","http://www.tate.org.uk/art/images/work/N/N04/N04019_8.jpg","#4D4B44","#A19E93","#D8D3C6"
"Composition Study for ‘Ezekiel and the Boiling Pot’",1860,1860,"A01164","http://www.tate.org.uk/art/images/work/A/A01/A01164_8.jpg","#B8AFA6","#C9C0B6","#C0B7AD"
"S. Maria Marinasco",1860,1860,"N02754","http://www.tate.org.uk/art/images/work/N/N02/N02754_8.jpg","#A39A86","#CFC3AC","#C4B59A"
"The Little Mourner, engraved by the Dalziel Brothers",1862,1860,"N04126","http://www.tate.org.uk/art/images/work/N/N04/N04126_8.jpg","#645D55","#A3998F","#DBD1C4"
"Fanny Kemble: A Study for ‘Jezebel and Ahab’",1862,1860,"T08208","http://www.tate.org.uk/art/images/work/T/T08/T08208_8.jpg","#929488","#909185","#DDD4C5"
"A Man Digging on the Shore",1862,1860,"T09030","http://www.tate.org.uk/art/images/work/T/T09/T09030_8.jpg","#879381","#A7986A","#E0DCCC"
"Moses and Aaron before Pharoah",1863,1860,"A00827","http://www.tate.org.uk/art/images/work/A/A00/A00827_8.jpg","#59564D","#A49F92","#C7C2B4"
"Refreshment",1864,1860,"N02687","http://www.tate.org.uk/art/images/work/N/N02/N02687_8.jpg","#4F602C","#8E965F","#DBD3BF"
"The Boyhood of Raleigh",1870,1870,"N01691","http://www.tate.org.uk/art/images/work/N/N01/N01691_8.jpg","#89644C","#D4CFD5","#CA9D76"
"Mrs Bischoffsheim",1873,1870,"N05572","http://www.tate.org.uk/art/images/work/N/N05/N05572_8.jpg","#473228","#A3773E","#CB9547"
"A Country Cricket Match",1878,1870,"N01557","http://www.tate.org.uk/art/images/work/N/N01/N01557_8.jpg","#443123","#A35A3D","#CE673E"
"Study of Medusa for ‘The Death of Medusa’",1877,1870,"N03983","http://www.tate.org.uk/art/images/work/N/N03/N03983_8.jpg","#EBE8DB","#DCD9CB","#C9C6B8"
"Miss Martineau’s Garden",1873,1870,"N03671","http://www.tate.org.uk/art/images/work/N/N03/N03671_8.jpg","#453E2D","#9B8E74","#C2AD91"
"The Court of Death",1870,1870,"N01894","http://www.tate.org.uk/art/images/work/N/N01/N01894_8.jpg","#F1E7D6","#E8DDCB","#DCD1C2"
"Market Day at Old Maran Hall",1871,1870,"N04129","http://www.tate.org.uk/art/images/work/N/N04/N04129_8.jpg","#686257","#A29A8C","#D3CBBB"
"St Alban",1875,1870,"A00074","http://www.tate.org.uk/art/images/work/A/A00/A00074_8.jpg","#4D3C29","#A39275","#CBBFA8"
"Arkwright’s Mill",1878,1870,"N02413","http://www.tate.org.uk/art/images/work/N/N02/N02413_8.jpg","#C2B69A","#A79C84","#D1C8B2"
"Study of a Girl in a Mob Cap",1872,1870,"N04293","http://www.tate.org.uk/art/images/work/N/N04/N04293_8.jpg","#625D54","#A0998D","#EAE5D9"
"The North-West Passage",1874,1870,"N01509","http://www.tate.org.uk/art/images/work/N/N01/N01509_8.jpg","#574D3E","#A08F7F","#CDBFB3"
"Study of a Woman’s Head",1870,1870,"A00057","http://www.tate.org.uk/art/images/work/A/A00/A00057_8.jpg","#E5DECD","#C5BDAB","#E5DECC"
"Portsmouth Dockyard",1877,1870,"N05302","http://www.tate.org.uk/art/images/work/N/N05/N05302_8.jpg","#4E463A","#A09279","#C3B399"
"St Boniface",1875,1870,"A00077","http://www.tate.org.uk/art/images/work/A/A00/A00077_8.jpg","#2E2918","#A28D62","#D0A777"
"A Sleeping Girl",1875,1870,"T04877","http://www.tate.org.uk/art/images/work/T/T04/T04877_8.jpg","#9C978D","#686769","#C5BCB0"
"Study of a Female Head for ‘The Hours’",1872,1870,"A00070","http://www.tate.org.uk/art/images/work/A/A00/A00070_8.jpg","#E5E5DC","#D9D9CE","#BCBCB0"
"View from the Front of St John Lateran, Rome",1870,1870,"N05460","http://www.tate.org.uk/art/images/work/N/N05/N05460_8.jpg","#4E4732","#AB9876","#BEA884"
"My Mother",1874,1870,"N02861","http://www.tate.org.uk/art/images/work/N/N02/N02861_8.jpg","#444039","#9F835E","#D5A36C"
"Tantalus",1870,1870,"N03142","http://www.tate.org.uk/art/images/work/N/N03/N03142_8.jpg","#444039","#9F835E","#D5A36C"
"The Remnants of an Army",1879,1870,"N01553","http://www.tate.org.uk/art/images/work/N/N01/N01553_8.jpg","#A2937B","#6D5D4B","#CEBB9E"
"Mother Teaching Child",1881,1880,"N04586","http://www.tate.org.uk/art/images/work/N/N04/N04586_8.jpg","#333226","#9DA294","#D0D2C8"
"‘Incorrigible!’",1883,1880,"T02087","http://www.tate.org.uk/art/images/work/T/T02/T02087_8.jpg","#584D3C","#D7CBB8","#A59882"
"Le Bec du Hoc, Grandcamp",1885,1880,"N06067","http://www.tate.org.uk/art/images/work/N/N06/N06067_8.jpg","#90A190","#BFD1D0","#686459"
"Self-Portrait, Seated",1885,1880,"T02088","http://www.tate.org.uk/art/images/work/T/T02/T02088_8.jpg","#B5986F","#BE9F74","#9D805B"
"Cain and Abel",1881,1880,"A00731","http://www.tate.org.uk/art/images/work/A/A00/A00731_8.jpg","#767269","#E5DFD2","#C5C0B3"
"King Cophetua and the Beggar Maid",1884,1880,"N01771","http://www.tate.org.uk/art/images/work/N/N01/N01771_8.jpg","#413125","#9D7453","#D8B48D"
"Portrait of Mrs Edith Holman Hunt",1880,1880,"T12881","http://www.tate.org.uk/art/images/work/T/T12/T12881_8.jpg","#CDB092","#D9C3A0","#8C725D"
"Parable of the Burning Pot, engraved by the Dalziel Brothers",1881,1880,"N04048","http://www.tate.org.uk/art/images/work/N/N04/N04048_8.jpg","#3E3E34","#E3D7C7","#A09B8A"
"Southwold",1889,1880,"N05374","http://www.tate.org.uk/art/images/work/N/N05/N05374_8.jpg","#465657","#5E84A5","#799CC0"
"Portrait of Mrs Ernest Moon",1888,1880,"T07130","http://www.tate.org.uk/art/images/work/T/T07/T07130_8.jpg","#605938","#A08E70","#D2C5B3"
"After Culloden, Rebel Hunting",1884,1880,"N01620","http://www.tate.org.uk/art/images/work/N/N01/N01620_8.jpg","#4E4030","#9D7D52","#D2B386"
"The Slave",1886,1880,"T06966","http://www.tate.org.uk/art/images/work/T/T06/T06966_8.jpg","#4A3B38","#A08674","#CFBCA9"
"Puente San Martin, Toledo",1889,1880,"N01723","http://www.tate.org.uk/art/images/work/N/N01/N01723_8.jpg","#685C47","#9C8F74","#C0AE8D"
"Uplands and Sky",1886,1880,"N01623","http://www.tate.org.uk/art/images/work/N/N01/N01623_8.jpg","#968985","#C2B4B1","#E2D2C5"
"Le Curé",1884,1880,"P08182","http://www.tate.org.uk/art/images/work/P/P08/P08182_8.jpg","#F3EDE7","#7B7570","#C2BBB5"
"Autumn Days, engraved by the Brothers Dalziel",1882,1880,"N03972","http://www.tate.org.uk/art/images/work/N/N03/N03972_8.jpg","#6A6660","#9E9B93","#DFDCD2"
"Warehouse Across the River",1886,1880,"T03628","http://www.tate.org.uk/art/images/work/T/T03/T03628_8.jpg","#CAD4D5","#9CA6AC","#D0DAE2"
"Liverpool Quay by Moonlight",1887,1880,"T00902","http://www.tate.org.uk/art/images/work/T/T00/T00902_8.jpg","#534628","#9F9D65","#C08D31"
"Roses",1887,1880,"N02110","http://www.tate.org.uk/art/images/work/N/N02/N02110_8.jpg","#3D3323","#A39478","#CBBCA0"
"Mammon",1884,1880,"N01630","http://www.tate.org.uk/art/images/work/N/N01/N01630_8.jpg","#4B3C36","#977857","#DAC2AA"
"Cover Design for the ‘Yellow Book’",1894,1890,"N04171","http://www.tate.org.uk/art/images/work/N/N04/N04171_8.jpg","#676257","#C3B8A8","#C9BFAF"
"The Harvest Moon",1899,1890,"N04701","http://www.tate.org.uk/art/images/work/N/N04/N04701_8.jpg","#A9907C","#C4AB94","#CEBFAC"
"The Fat Woman",1894,1890,"N04609","http://www.tate.org.uk/art/images/work/N/N04/N04609_8.jpg","#6C6659","#C1B59F","#CDC0A6"
"Sunset at Sea: From Harlyn Bay, Cornwall",1894,1890,"N01603","http://www.tate.org.uk/art/images/work/N/N01/N01603_8.jpg","#56584A","#A7A493","#C2C3A9"
"Sir Henry Tate",1897,1890,"N03517","http://www.tate.org.uk/art/images/work/N/N03/N03517_8.jpg","#2B1E1D","#A4714F","#DBAE8B"
"Harvest: Le Pouldu",1890,1890,"T00895","http://www.tate.org.uk/art/images/work/T/T00/T00895_8.jpg","#2D281B","#9D7854","#9F9A7F"
"A Barge on the Bridgewater Canal",1890,1890,"N02418","http://www.tate.org.uk/art/images/work/N/N02/N02418_8.jpg","#D7C9B0","#C8BAA3","#8F8473"
"Mr Frederick Pollock [Part I]",1897,1890,"P11033","http://www.tate.org.uk/art/images/work/P/P11/P11033_8.jpg","#E2D4B9","#DACCB1","#BCAE95"
"Vespertina Quies",1893,1890,"N05176","http://www.tate.org.uk/art/images/work/N/N05/N05176_8.jpg","#514236","#9A6D4E","#C5A767"
"[no title]",1893,1890,"P01047","http://www.tate.org.uk/art/images/work/P/P01/P01047_8.jpg","#A49783","#E8DAC2","#DCCFB4"
"The Finish of the Horse Race",1898,1890,"N05074","http://www.tate.org.uk/art/images/work/N/N05/N05074_8.jpg","#423633","#A34C3B","#D2A5A2"
"Stormy Weather",1892,1890,"N01710","http://www.tate.org.uk/art/images/work/N/N01/N01710_8.jpg","#9F9C89","#6A5940","#D6CDB7"
"The Grand Canal, Venice",1890,1890,"N02114","http://www.tate.org.uk/art/images/work/N/N02/N02114_8.jpg","#8E8578","#C3BCBA","#C5B08B"
"Portrait of a Man",1899,1890,"P07115","http://www.tate.org.uk/art/images/work/P/P07/P07115_8.jpg","#AA9A80","#9D8D76","#E0D4C0"
"Prince Bismarck",1899,1890,"P08158","http://www.tate.org.uk/art/images/work/P/P08/P08158_8.jpg","#2B2720","#B19C70","#D6CAAF"
"Floréal",1890,1890,"P08186","http://www.tate.org.uk/art/images/work/P/P08/P08186_8.jpg","#E5DED6","#514C46","#A39D96"
"H.M. The Queen",1899,1890,"P08154","http://www.tate.org.uk/art/images/work/P/P08/P08154_8.jpg","#322B1F","#AD986E","#DCD1BA"
"Kew Bridge",1898,1890,"N02996","http://www.tate.org.uk/art/images/work/N/N02/N02996_8.jpg","#4F453C","#9D8863","#CEAE76"
"Colonel Ian Hamilton, CB, DSO",1898,1890,"N05246","http://www.tate.org.uk/art/images/work/N/N05/N05246_8.jpg","#2C281C","#D7CFB1","#A3A084"
"Industry",1894,1890,"N01706","http://www.tate.org.uk/art/images/work/N/N01/N01706_8.jpg","#67463B","#9B6141","#DAA36F"
"After Bathing",1904,1900,"T03077","http://www.tate.org.uk/art/images/work/T/T03/T03077_8.jpg","#D5C3AB","#A49EA0","#C6B39C"
"Landscape Known As ‘The Iron Gate’",1904,1900,"T01652","http://www.tate.org.uk/art/images/work/T/T01/T01652_8.jpg","#53443A","#987862","#E5DCCB"
"The Fairy Tale",1902,1900,"N04887","http://www.tate.org.uk/art/images/work/N/N04/N04887_8.jpg","#493431","#A16E3E","#C8954F"
"Thomas Hardy",1906,1900,"N03580","http://www.tate.org.uk/art/images/work/N/N03/N03580_8.jpg","#614726","#9D8259","#C3AE86"
"Catalan Landscape",1902,1900,"T01642","http://www.tate.org.uk/art/images/work/T/T01/T01642_8.jpg","#A16E4F","#C5AD9B","#95816A"
"Landscape",1902,1900,"N04246","http://www.tate.org.uk/art/images/work/N/N04/N04246_8.jpg","#2D3826","#7E9C7B","#A6BDAC"
"Woman on a Column",1900,1900,"N06070","http://www.tate.org.uk/art/images/work/N/N06/N06070_8.jpg","#F7F7F8","#524740","#D6D1CF"
"The Mountains of Moab",1905,1900,"T00124","http://www.tate.org.uk/art/images/work/T/T00/T00124_8.jpg","#9B7E68","#BBC0CF","#9FB0D3"
"Sun, Church in Zeeland; Zoutelande Church Facade",1909,1900,"T07328","http://www.tate.org.uk/art/images/work/T/T07/T07328_8.jpg","#8C696D","#CD7251","#D0C0BA"
"Brasenose College, Oxford",1909,1900,"N03413","http://www.tate.org.uk/art/images/work/N/N03/N03413_8.jpg","#8E8463","#E0D4B1","#DABE96"
"The Ambulatory, Groote Kerke, Dordrecht",1907,1900,"N04146","http://www.tate.org.uk/art/images/work/N/N04/N04146_8.jpg","#95875E","#C3B286","#DDD4B8"
"Horse with a Youth in Blue",1905,1900,"N04721","http://www.tate.org.uk/art/images/work/N/N04/N04721_8.jpg","#4A3B2D","#969A80","#A8C0B2"
"Arid Landscape",1905,1900,"T01653","http://www.tate.org.uk/art/images/work/T/T01/T01653_8.jpg","#493B28","#A29982","#C6C7BB"
"Wadham College, from the Back",1906,1900,"T11002","http://www.tate.org.uk/art/images/work/T/T11/T11002_8.jpg","#9D8056","#87704E","#D6CBB3"
"Venetian Fishing Boats",1904,1900,"N03407","http://www.tate.org.uk/art/images/work/N/N03/N03407_8.jpg","#84625A","#CBAC9C","#ECE6E6"
"Autumn in the Mountains",1903,1900,"N01927","http://www.tate.org.uk/art/images/work/N/N01/N01927_8.jpg","#906D56","#DDCBC6","#C8A687"
"Simpkin Goes Out",1902,1900,"A01101","http://www.tate.org.uk/art/images/work/A/A01/A01101_8.jpg","#88867A","#CEC6B3","#D6CCBB"
"Strange Landscape",1907,1900,"T01669","http://www.tate.org.uk/art/images/work/T/T01/T01669_8.jpg","#5C5243","#9F917B","#D4C6AD"
"Fried Fish Shop",1907,1900,"N06238","http://www.tate.org.uk/art/images/work/N/N06/N06238_8.jpg","#4C4547","#96846D","#BEB29D"
"Alfred, Son of Asher Wertheimer",1901,1900,"N03709","http://www.tate.org.uk/art/images/work/N/N03/N03709_8.jpg","#332E21","#9F8550","#CCB9A0"
"In the War Zone",1916,1910,"N03444","http://www.tate.org.uk/art/images/work/N/N03/N03444_8.jpg","#C8A675","#9B7E57","#EEE5CE"
"The Lovers",1913,1910,"T00371","http://www.tate.org.uk/art/images/work/T/T00/T00371_8.jpg","#3B332F","#95876D",NA
"Woman Combing her Hair",1915,1910,"T00335","http://www.tate.org.uk/art/images/work/T/T00/T00335_8.jpg","#A9A3A2","#544D48","#C0B7B7"
"Interior with Maid",1913,1910,"T12996","http://www.tate.org.uk/art/images/work/T/T12/T12996_8.jpg","#5D4D51","#A58B6D","#CDB289"
"[title not known]",1916,1910,"N05650","http://www.tate.org.uk/art/images/work/N/N05/N05650_8.jpg","#E8E8E8","#DEDDDD","#7B685A"
"Horace Brodzky",1913,1910,"T00129","http://www.tate.org.uk/art/images/work/T/T00/T00129_8.jpg","#F4F6F5","#5B665F","#B7BEBB"
"Ecstasy",1911,1910,"T03477","http://www.tate.org.uk/art/images/work/T/T03/T03477_8.jpg","#797572","#989492","#C0B9B3"
"Making Sailors: The Lookout",1917,1910,"P03012","http://www.tate.org.uk/art/images/work/P/P03/P03012_8.jpg","#5D5145","#A29380","#DED0BB"
"James Strachey",1910,1910,"N05765","http://www.tate.org.uk/art/images/work/N/N05/N05765_8.jpg","#513B26","#974127","#BDB689"
"Richmond Park",1914,1910,"N05100","http://www.tate.org.uk/art/images/work/N/N05/N05100_8.jpg","#7A7796","#8E8594","#C1C4D8"
"Making the Engine",1917,1910,"P03045","http://www.tate.org.uk/art/images/work/P/P03/P03045_8.jpg","#49453E","#A29D92","#E7E3D6"
"Bottle of Rum and Newspaper",1913,1910,"T06808","http://www.tate.org.uk/art/images/work/T/T06/T06808_8.jpg","#5E524F","#7F7A86","#C2B49F"
"The Straw Hat",1911,1910,"N05309","http://www.tate.org.uk/art/images/work/N/N05/N05309_8.jpg","#E1D7C4","#D1C7B4","#A19787"
"The Uncertainty of the Poet",1913,1910,"T04109","http://www.tate.org.uk/art/images/work/T/T04/T04109_8.jpg","#4B544B","#9D9D7C","#C5BFA1"
"From the Bridge of a Battleship",1917,1910,"N03446","http://www.tate.org.uk/art/images/work/N/N03/N03446_8.jpg","#857F6F","#E4DDC8","#D4CBB2"
"The Wood beyond the World",1913,1910,"N02933","http://www.tate.org.uk/art/images/work/N/N02/N02933_8.jpg","#463E32","#DFD2C7","#A29482"
"Studio Interior, Hampstead",1918,1910,"T01914","http://www.tate.org.uk/art/images/work/T/T01/T01914_8.jpg","#37302E","#997249","#DED2AC"
"iv",1914,1910,"P07011","http://www.tate.org.uk/art/images/work/P/P07/P07011_8.jpg","#392320","#DFDAC4","#A1815B"
"A Church in the Citadel at Arras",1916,1910,"N03433","http://www.tate.org.uk/art/images/work/N/N03/N03433_8.jpg","#DDC8A4","#816F56","#C6B18F"
"Making Soldiers: Over the Top",1917,1910,"P03043","http://www.tate.org.uk/art/images/work/P/P03/P03043_8.jpg","#48423B","#E9E1D5","#A39B91"
"Portrait of Edison",1920,1920,"T02315","http://www.tate.org.uk/art/images/work/T/T02/T02315_8.jpg","#7A676B","#96827D","#C6B3A1"
"The Fig-Leaf",1922,1920,"T03845","http://www.tate.org.uk/art/images/work/T/T03/T03845_8.jpg","#EBE3D6","#4D4C49","#C6BBB2"
"Guitar and Profile",1923,1920,"T06820","http://www.tate.org.uk/art/images/work/T/T06/T06820_8.jpg","#E3E1E2","#DAD8D6","#B8B3AF"
"Measure",1922,1920,"T12392","http://www.tate.org.uk/art/images/work/T/T12/T12392_8.jpg","#C4A378","#8F7759","#D9BE99"
"Standing Nude",1925,1920,"N05950","http://www.tate.org.uk/art/images/work/N/N05/N05950_8.jpg","#7C8072","#C6C4B5","#D1CDC2"
"Les Ponts de Ceret",1923,1920,"T07784","http://www.tate.org.uk/art/images/work/T/T07/T07784_8.jpg","#655B43","#A1967D","#C2B599"
"The Sun Singer (Torso)",1922,1920,"T02105","http://www.tate.org.uk/art/images/work/T/T02/T02105_8.jpg","#B8B7B7","#59694A","#C1C0C1"
"Ju-Jitsu",1923,1920,"N03960","http://www.tate.org.uk/art/images/work/N/N03/N03960_8.jpg","#4D4D4D","#A5A5A5","#C0C0C0"
"By the Lake",1922,1920,"T03214","http://www.tate.org.uk/art/images/work/T/T03/T03214_8.jpg","#5E5E5E","#9C9C9C","#C1C1C1"
"Their Majesties’ Return from Ascot",1925,1920,"N04956","http://www.tate.org.uk/art/images/work/N/N04/N04956_8.jpg","#A2896C","#5E5547","#CD9D72"
"Beatrice Warde",1926,1920,"P08118","http://www.tate.org.uk/art/images/work/P/P08/P08118_8.jpg","#2D2B26","#F5ECCF","#CCC3AE"
"The Green Balcony",1927,1920,"N04426","http://www.tate.org.uk/art/images/work/N/N04/N04426_8.jpg","#5E6860","#979B9B","#CBCCD1"
"Seated Harlequin",1920,1920,"T06809","http://www.tate.org.uk/art/images/work/T/T06/T06809_8.jpg","#777777","#565656","#9F9F9F"
"Study for ‘Christ Driving the Money Changers from the Temple’",1922,1920,"T12659","http://www.tate.org.uk/art/images/work/T/T12/T12659_8.jpg","#E1DAD2","#716A64","#C7BDB3"
"[title not known]",1923,1920,"P08093","http://www.tate.org.uk/art/images/work/P/P08/P08093_8.jpg","#FAF1D3","#EFE7D0","#9A917D"
"Sculpture I, Sculpture II, and Woman’s Head",1923,1920,"P08096","http://www.tate.org.uk/art/images/work/P/P08/P08096_8.jpg","#F8EDCF","#E6DBBF","#B7AC91"
"Model for Sculpture: The South Wind",1929,1920,"T06997","http://www.tate.org.uk/art/images/work/T/T06/T06997_8.jpg","#A39571","#C5B289","#D3C7A8"
"Still Life with Carrots",1921,1920,"N06143","http://www.tate.org.uk/art/images/work/N/N06/N06143_8.jpg","#4C2319","#9F5722","#D4873D"
"Bagdad",1927,1920,"T00099","http://www.tate.org.uk/art/images/work/T/T00/T00099_8.jpg","#4E3724","#A07133","#DBC488"
"Muttar il Hamoud min Beni Hassan",1920,1920,"N03637","http://www.tate.org.uk/art/images/work/N/N03/N03637_8.jpg","#82756C","#D2D7DB","#C0B3A6"
"Rickett’s Farm, Cookham Dene",1938,1930,"N04942","http://www.tate.org.uk/art/images/work/N/N04/N04942_8.jpg","#574D42","#A18B79","#E0D3C6"
"Hazelnut Catkins",1931,1930,"P80259","http://www.tate.org.uk/art/images/work/P/P80/P80259_8.jpg","#BEB9B1","#C2BEB4","#9C9990"
"Le Sphinx",1937,1930,"T03459","http://www.tate.org.uk/art/images/work/T/T03/T03459_8.jpg","#C3B8A8","#928A7C","#CABFB0"
"Head of a Woman",1938,1930,"N04967","http://www.tate.org.uk/art/images/work/N/N04/N04967_8.jpg","#343836","#919099","#C1C4D2"
"View from Terrace: Ashdown Forest",1938,1930,"N05368","http://www.tate.org.uk/art/images/work/N/N05/N05368_8.jpg","#565147","#8C8D7F","#8E8571"
"Snake in the Grass, Alas",1931,1930,"P07002","http://www.tate.org.uk/art/images/work/P/P07/P07002_8.jpg","#CAC7BF","#B99C89","#C69D63"
"Sketch for a Stone Carving",1933,1930,"T02158","http://www.tate.org.uk/art/images/work/T/T02/T02158_8.jpg","#3B332F","#9C9A87","#B9C2B2"
"Three Points",1939,1930,"T02269","http://www.tate.org.uk/art/images/work/T/T02/T02269_8.jpg","#E9E9E9","#565351","#C8BAAC"
"The Beached Margin",1937,1930,"N04935","http://www.tate.org.uk/art/images/work/N/N04/N04935_8.jpg","#B6BEB9","#64ADC4","#778A92"
"From My Bedroom Window",1930,1930,"N04543","http://www.tate.org.uk/art/images/work/N/N04/N04543_8.jpg","#8F8673","#C2B3A3","#CEC4B9"
"circa 1932 (nude)",1932,1930,"T03952","http://www.tate.org.uk/art/images/work/T/T03/T03952_8.jpg","#E0D9C9","#BFB499","#908875"
"Drop Curtain for the Camargo Ballet",1931,1930,"T12673","http://www.tate.org.uk/art/images/work/T/T12/T12673_8.jpg","#DDD4C6","#D1C6B5","#BBB2A3"
"Abstract Composition",1934,1930,"T07921","http://www.tate.org.uk/art/images/work/T/T07/T07921_8.jpg","#E0DCCD","#78786F","#C8C4A9"
"Terry’s Lane, Cookham",1932,1930,"N04678","http://www.tate.org.uk/art/images/work/N/N04/N04678_8.jpg","#7E7564","#B2AEC4","#D2D0DC"
"1939-44 (painted relief)",1939,1930,"T03119","http://www.tate.org.uk/art/images/work/T/T03/T03119_8.jpg","#CDC2AC","#C4B19C","#B5A99C"
"In the Parlour",1937,1930,"N04962","http://www.tate.org.uk/art/images/work/N/N04/N04962_8.jpg","#484848","#9B9B9B","#CACACA"
"Portrait of Kitty West",1939,1930,"T07814","http://www.tate.org.uk/art/images/work/T/T07/T07814_8.jpg","#E9CF96","#AD9E8B","#D5A874"
"Bomblet",1937,1930,"T07465","http://www.tate.org.uk/art/images/work/T/T07/T07465_8.jpg","#8C7557","#C8A87B","#EBE4D4"
"Painted in a Welsh Village",1933,1930,"N04972","http://www.tate.org.uk/art/images/work/N/N04/N04972_8.jpg","#303030","#9F9F9F","#C9C9C9"
"Seascape: Autumn Morning",1935,1930,"N05332","http://www.tate.org.uk/art/images/work/N/N05/N05332_8.jpg","#8798A6","#C3CCD3","#A2B2C3"
"View from the Enemy H.Q. at Gubba",1941,1940,"N05682","http://www.tate.org.uk/art/images/work/N/N05/N05682_8.jpg","#534F42","#9E9580","#D2C6AF"
"War or No War, Who Cares?",1944,1940,"T07730","http://www.tate.org.uk/art/images/work/T/T07/T07730_8.jpg","#453B30","#9D896B","#D6CAAA"
"Interior with Figures and Piano",1946,1940,"T00209","http://www.tate.org.uk/art/images/work/T/T00/T00209_8.jpg","#534D41","#9C836D","#CCB499"
"Arrangement for a Piano",1949,1940,"P01755","http://www.tate.org.uk/art/images/work/P/P01/P01755_8.jpg","#546061","#7B8286","#D0C8B1"
"The King of Hearts",1949,1940,"P01711","http://www.tate.org.uk/art/images/work/P/P01/P01711_8.jpg","#F3F2EF","#79747E","#C4ABA6"
"Untitled",1941,1940,"P11798","http://www.tate.org.uk/art/images/work/P/P11/P11798_8.jpg","#775E4C","#D29A8A","#EFE5D6"
"David and Barbara Carr",1940,1940,"T03232","http://www.tate.org.uk/art/images/work/T/T03/T03232_8.jpg","#4B5356","#909B9B","#D9C3AE"
"Nude",1943,1940,"T04166","http://www.tate.org.uk/art/images/work/T/T04/T04166_8.jpg","#6A655C","#9F988D","#ECE8DD"
"Personage",1948,1940,"P11277","http://www.tate.org.uk/art/images/work/P/P11/P11277_8.jpg","#E6DDD0","#E6DFD3","#B9B0A4"
"Garden Path in Spring",1944,1940,"T05757","http://www.tate.org.uk/art/images/work/T/T05/T05757_8.jpg","#A29480","#70695D","#CAB5A4"
"Architectural Figure No. 2",1940,1940,"T01623","http://www.tate.org.uk/art/images/work/T/T01/T01623_8.jpg","#E8E0CF","#605A4D","#C8C1B1"
"Horseman",1947,1940,"N06009","http://www.tate.org.uk/art/images/work/N/N06/N06009_8.jpg","#857C7D","#C4B4AF","#E9E7E3"
"Black Jug and Skull",1946,1940,"P11365","http://www.tate.org.uk/art/images/work/P/P11/P11365_8.jpg","#4D4B43","#A4A092","#CFCAB9"
"Obscure Biological Function Surrounded by Nerve Impulses",1948,1940,"P77280","http://www.tate.org.uk/art/images/work/P/P77/P77280_8.jpg","#595644","#9D9881","#E8E5DE"
"Man with a Thistle (Self-Portrait)",1946,1940,"T00422","http://www.tate.org.uk/art/images/work/T/T00/T00422_8.jpg","#7D786F","#D4D3CB","#D0C5A7"
"Sergeant H.D. Parker, R.A.F.",1941,1940,"N05704","http://www.tate.org.uk/art/images/work/N/N05/N05704_8.jpg","#40412E","#9B987D","#C1BDA6"
"Medea’s House, Corinth",1948,1940,"T04150","http://www.tate.org.uk/art/images/work/T/T04/T04150_8.jpg","#403728","#A5987C","#E0DED2"
"The Death of Diarmuid, the Last Handful of Water",1945,1940,"N05836","http://www.tate.org.uk/art/images/work/N/N05/N05836_8.jpg","#545958","#86868C","#C2B6A7"
"Gallabat: Guns Firing on Metemma",1940,1940,"N05679","http://www.tate.org.uk/art/images/work/N/N05/N05679_8.jpg","#6B5F4A","#9A866C","#D5C8B6"
"Untitled",1942,1940,"P11806","http://www.tate.org.uk/art/images/work/P/P11/P11806_8.jpg","#534635","#E1CEB5","#A18964"
"Demolished Houses in St John’s Wood, No. 2",1953,1950,"T00001","http://www.tate.org.uk/art/images/work/T/T00/T00001_8.jpg","#555A2E","#98926C","#C1B9A6"
"Bull",1956,1950,"T03714","http://www.tate.org.uk/art/images/work/T/T03/T03714_8.jpg","#9C9A97","#60564A","#E3E3E2"
"Untitled",1958,1950,"AR00641","http://www.tate.org.uk/art/images/work/AR/AR00641_8.jpg","#CDB78D","#EEEDEC","#B6A178"
"Coast",1953,1950,"T07819","http://www.tate.org.uk/art/images/work/T/T07/T07819_8.jpg","#5A5C54","#979E96","#CECBC2"
"IKB 79",1959,1950,"T01513","http://www.tate.org.uk/art/images/work/T/T01/T01513_8.jpg","#071B95","#172287","#D2D5DF"
"Hymn",1953,1950,"T00437","http://www.tate.org.uk/art/images/work/T/T00/T00437_8.jpg","#393A3A","#8C8F97","#A5B2C4"
"[no title]",1950,1950,"P02005","http://www.tate.org.uk/art/images/work/P/P02/P02005_8.jpg","#603E33","#F3EDE2","#9E867B"
"Garden Sculpture (Model for Meridian)",1958,1950,"T03139","http://www.tate.org.uk/art/images/work/T/T03/T03139_8.jpg","#495340","#8F9F90","#BFCBC4"
"The Exemplary Life of the Soil (Texturology LXIII)",1958,1950,"T00868","http://www.tate.org.uk/art/images/work/T/T00/T00868_8.jpg","#A69A90","#978B80","#BCAEA3"
"Study for ‘The Temptation of St Anthony’",1950,1950,"T12702","http://www.tate.org.uk/art/images/work/T/T12/T12702_8.jpg","#C2B6AB","#CDC2B5","#C1B8AF"
"[no title]",1956,1950,"P01940","http://www.tate.org.uk/art/images/work/P/P01/P01940_8.jpg","#D28A61","#F2E9D5","#DAAF90"
"Manman",1957,1950,"T01832","http://www.tate.org.uk/art/images/work/T/T01/T01832_8.jpg","#32322A","#DDDBC2","#A3A290"
"Mackerel on a Plate",1951,1950,"N06245","http://www.tate.org.uk/art/images/work/N/N06/N06245_8.jpg","#222528","#99A196","#C8D0C6"
"Man Carrying Pig",1955,1950,"T03216","http://www.tate.org.uk/art/images/work/T/T03/T03216_8.jpg","#756B56","#D5D6B2","#D8DBBF"
"Untitled (Purple, Red and Green)",1959,1950,"P77206","http://www.tate.org.uk/art/images/work/P/P77/P77206_8.jpg","#E3C0BC","#9A8482","#3A2F2D"
"Azalea Garden : May 1956",1956,1950,"T03107","http://www.tate.org.uk/art/images/work/T/T03/T03107_8.jpg","#DAD7D3","#8F8779","#C7B4A2"
"War Memorial",1950,1950,"N05986","http://www.tate.org.uk/art/images/work/N/N05/N05986_8.jpg","#8C754A","#9B7B48","#D49B4D"
"Study for a Portrait of Van Gogh IV",1957,1950,"T00226","http://www.tate.org.uk/art/images/work/T/T00/T00226_8.jpg","#5A4E49","#98815D","#C09C24"
"Grey and Black Stripes : 1958",1958,1950,"P06287","http://www.tate.org.uk/art/images/work/P/P06/P06287_8.jpg","#E1DCC9","#443F34","#A39A83"
"Rhododendrons",1950,1950,"N05987","http://www.tate.org.uk/art/images/work/N/N05/N05987_8.jpg","#574441","#9F7A68","#D1A58E"
"Reclining Figure, No. 2",1961,1960,"T07354","http://www.tate.org.uk/art/images/work/T/T07/T07354_8.jpg","#DC726A","#976285","#E7C7B8"
"Elephant Skull Plate II",1969,1960,"P02103","http://www.tate.org.uk/art/images/work/P/P02/P02103_8.jpg","#7A7971","#DEDDD5","#C2C1B5"
"[no title]",1967,1960,"P04789","http://www.tate.org.uk/art/images/work/P/P04/P04789_8.jpg","#F5E762","#DECF55","#C3B43D"
"And Death Shall Have No Dominion (trial proof)",1965,1960,"P06718","http://www.tate.org.uk/art/images/work/P/P06/P06718_8.jpg","#999A90","#D7D0BB","#5F5E5D"
"Bermuda",1965,1960,"P05060","http://www.tate.org.uk/art/images/work/P/P05/P05060_8.jpg","#1E4959","#E7E9E4","#7C899E"
"The Marble-Topped Table",1965,1960,"T00771","http://www.tate.org.uk/art/images/work/T/T00/T00771_8.jpg","#636363","#A0A0A0","#CBCBCB"
"Dance, Blue and Yellow",1960,1960,"T00399","http://www.tate.org.uk/art/images/work/T/T00/T00399_8.jpg","#7E8285","#E2DDCE","#DFD4A9"
"Mrs Nicholas Monro",1966,1960,"T01117","http://www.tate.org.uk/art/images/work/T/T01/T01117_8.jpg","#D2D1CF","#5B4A65","#C79A84"
"English Garden",1968,1960,"P06059","http://www.tate.org.uk/art/images/work/P/P06/P06059_8.jpg","#759792","#D9DDD7","#B0C3B8"
"1967 (Tuscan relief)",1967,1960,"T00929","http://www.tate.org.uk/art/images/work/T/T00/T00929_8.jpg","#AB986C","#CFD0C7","#BDB8A2"
"Fragment 4/6",1965,1960,"P07107","http://www.tate.org.uk/art/images/work/P/P07/P07107_8.jpg","#F4F6F9","#696A6E","#D2D3D7"
"three goblets",1967,1960,"P07204","http://www.tate.org.uk/art/images/work/P/P07/P07204_8.jpg","#ECE9DF","#ECE9DB","#C4C0B1"
"Scrub at Lilydale",1965,1960,"P77553","http://www.tate.org.uk/art/images/work/P/P77/P77553_8.jpg","#615A4F","#F1EBDF","#C7C0B4"
"Float III",1961,1960,"T00709","http://www.tate.org.uk/art/images/work/T/T00/T00709_8.jpg","#DAD1CA","#A39D95","#C6BBB0"
"Still Life",1962,1960,"T07805","http://www.tate.org.uk/art/images/work/T/T07/T07805_8.jpg","#C1B4AA","#A99E96","#CCC1B7"
"Leo 139",1969,1960,"P01074","http://www.tate.org.uk/art/images/work/P/P01/P01074_8.jpg","#44254A","#CD5EAB","#A34D8F"
"[no title]",1969,1960,"P05302","http://www.tate.org.uk/art/images/work/P/P05/P05302_8.jpg","#2C412C","#F1EBE9","#469D5C"
"Heart",1966,1960,"P07053","http://www.tate.org.uk/art/images/work/P/P07/P07053_8.jpg","#443B32","#A19A8B","#C7AF77"
"Two Forms (Divided Circle)",1969,1960,"T03149","http://www.tate.org.uk/art/images/work/T/T03/T03149_8.jpg","#53593C","#969979","#E2E3D8"
"Points of Contact No. 8",1966,1960,"P04889","http://www.tate.org.uk/art/images/work/P/P04/P04889_8.jpg","#DAD3C5","#C2AA86","#737469"
"[no title]",1974,1970,"P77328","http://www.tate.org.uk/art/images/work/P/P77/P77328_8.jpg","#EAE9E7","#E0DFDC","#BCBBB8"
"Men and Books",1972,1970,"P04534","http://www.tate.org.uk/art/images/work/P/P04/P04534_8.jpg","#4C2F27","#DECAB6","#9E7E66"
"The End (the film)",1975,1970,"T12348","http://www.tate.org.uk/art/images/work/T/T12/T12348_8.jpg","#775C4C","#CD9B82","#B4BEC2"
"Sheep with Lamb IV",1972,1970,"P02236","http://www.tate.org.uk/art/images/work/P/P02/P02236_8.jpg","#D9D6CA","#C7C3B7","#959186"
"Insertions into Ideological Circuits 2: Banknote Project",1970,1970,"T12530","http://www.tate.org.uk/art/images/work/T/T12/T12530_8.jpg","#939AA2","#4A5164","#BDC2CA"
"[no title]",1978,1970,"P09147","http://www.tate.org.uk/art/images/work/P/P09/P09147_8.jpg","#4E4E4F","#818C99","#E5E3DD"
"[no title]",1979,1970,"P77410","http://www.tate.org.uk/art/images/work/P/P77/P77410_8.jpg","#EEECEB","#D5D0D1","#ABA5A6"
"Event Poster S.O. 36",1979,1970,"P79068","http://www.tate.org.uk/art/images/work/P/P79/P79068_8.jpg","#EEECEB","#D5D0D1","#ABA5A6"
"False Alarm I",1978,1970,"P07516","http://www.tate.org.uk/art/images/work/P/P07/P07516_8.jpg","#644C40","#A2968A","#C2C0BC"
"Nigel and Maud Gosling",1972,1970,"P02766","http://www.tate.org.uk/art/images/work/P/P02/P02766_8.jpg","#E8E5D7","#DAD8CA","#BEBCAE"
"Starving Fireman",1979,1970,"P07521","http://www.tate.org.uk/art/images/work/P/P07/P07521_8.jpg","#F0EEE9","#E6E5D6","#93A786"
"To the Last of the Imaginary Solutions",1972,1970,"P02785","http://www.tate.org.uk/art/images/work/P/P02/P02785_8.jpg","#F0E2CC","#D8C6AD","#B2A089"
"Triangles within a Square",1971,1970,"P01203","http://www.tate.org.uk/art/images/work/P/P01/P01203_8.jpg","#F0E4CA","#E1D2B6","#AC9E81"
"[no title]",1976,1970,"P09036","http://www.tate.org.uk/art/images/work/P/P09/P09036_8.jpg","#786D63","#E9E4D7","#D4A995"
"Joseph Beuys: Unsichtbare Plastik 1971. Galerie Nächst St. Stephan",1979,1970,"AR00855","http://www.tate.org.uk/art/images/work/AR/AR00855_8.jpg","#DDD4C5","#E6DDCF","#BC9A8F"
"Proscinemi, Olympia",1979,1970,"P05539","http://www.tate.org.uk/art/images/work/P/P05/P05539_8.jpg","#9A5E35","#F5F0E9","#CE996D"
"Night Light",1975,1970,"P06661","http://www.tate.org.uk/art/images/work/P/P06/P06661_8.jpg","#39454D","#748990","#E8E4DE"
"Gilbert and George",1972,1970,"P02755","http://www.tate.org.uk/art/images/work/P/P02/P02755_8.jpg","#EEE9DC","#E1DBCB","#C4BEAE"
"[no title]",1979,1970,"P07370","http://www.tate.org.uk/art/images/work/P/P07/P07370_8.jpg","#F7F7F0","#346582","#67A5C3"
"Gardeners",1978,1970,"T13126","http://www.tate.org.uk/art/images/work/T/T13/T13126_8.jpg","#535252","#A4A3A2","#DCDCDB"
"[no title] from ‘4 colonnes, 8 affiches pour l’abbaye cistercienne de L’Epau été 1986’",1986,1980,"P77777","http://www.tate.org.uk/art/images/work/P/P77/P77777_8.jpg","#EAC89A","#DFBD91","#C9A57B"
"Monkey Puzzle",1987,1980,"T05076","http://www.tate.org.uk/art/images/work/T/T05/T05076_8.jpg","#2F4D5E","#678597","#B5C0CD"
"Ten Days Walking and Sleeping on Natural Ground",1986,1980,"T05033","http://www.tate.org.uk/art/images/work/T/T05/T05033_8.jpg","#EEEEEE","#D3D1CF","#BAB7B4"
"Walking Past Two Chairs",1984,1980,"P20117","http://www.tate.org.uk/art/images/work/P/P20/P20117_8.jpg","#B58464","#F1F0D9","#ECD58A"
"[no title]",1987,1980,"P11208","http://www.tate.org.uk/art/images/work/P/P11/P11208_8.jpg","#726F67","#EEF0EE","#C2BFB5"
"NO (Black State)",1981,1980,"P07938","http://www.tate.org.uk/art/images/work/P/P07/P07938_8.jpg","#504F59","#9B99A2","#DCDBE0"
"Time Lag Zero",1981,1980,"P11064","http://www.tate.org.uk/art/images/work/P/P11/P11064_8.jpg","#F4F2EB","#EBDFD7","#CB989C"
"Canto XXI: [no title]",1982,1980,"P07705","http://www.tate.org.uk/art/images/work/P/P07/P07705_8.jpg","#6A6560","#F9F9F4","#C1BCB4"
"Freie Herbstuni Bochum 84. Ruhr-Uni, Bochum",1984,1980,"AR00987","http://www.tate.org.uk/art/images/work/AR/AR00987_8.jpg","#1E7BD2","#515560","#CC7B90"
"Kreuz + Zeichen. Stadtmuseum Ratingen",1986,1980,"AR00985","http://www.tate.org.uk/art/images/work/AR/AR00985_8.jpg","#F2E3D1","#E7D7CE","#C9AC8A"
"Colophon",1988,1980,"P20050","http://www.tate.org.uk/art/images/work/P/P20/P20050_8.jpg","#F9F7E9","#A69F8D","#C6BFAC"
"Blackwater",1985,1980,"P77851","http://www.tate.org.uk/art/images/work/P/P77/P77851_8.jpg","#4E4B42","#D0CCCD","#A7A29D"
"Those ... Plants",1980,1980,"P07508","http://www.tate.org.uk/art/images/work/P/P07/P07508_8.jpg","#603318","#A3531E","#D3802B"
"Canto XVI: [no title]",1982,1980,"P07790","http://www.tate.org.uk/art/images/work/P/P07/P07790_8.jpg","#643F26","#E4E0D4","#9E7F59"
"Andy Warhol",1983,1980,"AR00150","http://www.tate.org.uk/art/images/work/AR/AR00150_8.jpg","#3C3C3D","#CCCCCF","#A3A4A6"
"Kreuz + Zeichnungen. Religiöse Grundlagen im Werk von Joseph Beuys Suermondt-Ludwig-Museum",1985,1980,"AR01008","http://www.tate.org.uk/art/images/work/AR/AR01008_8.jpg","#EBECED","#7D7E7F","#BABBBD"
"The Perspective Lesson",1984,1980,"P20104","http://www.tate.org.uk/art/images/work/P/P20/P20104_8.jpg","#9B9591","#D4D0CD","#C5BBB1"
"[no title]",1985,1980,"P78792","http://www.tate.org.uk/art/images/work/P/P78/P78792_8.jpg","#EDEDEB","#D3D3D1","#91908F"
"T.V.",1982,1980,"P07807","http://www.tate.org.uk/art/images/work/P/P07/P07807_8.jpg","#89847A","#EBE6DA","#C4BEB2"
"Six Geometric Figures (+ Two) (Wall Drawings)",1980,1980,"T03100","http://www.tate.org.uk/art/images/work/T/T03/T03100_8.jpg","#62564A","#90958F","#908F83"
"[no title]",1998,1990,"P12426","http://www.tate.org.uk/art/images/work/P/P12/P12426_8.jpg","#63615F","#A2A09E","#D9D7D5"
"Carrots",1999,1990,"P79242","http://www.tate.org.uk/art/images/work/P/P79/P79242_8.jpg","#4E493D","#9E997D","#D4CDB6"
"The Consecration of Saint Nicholas (2)",1998,1990,"P11714","http://www.tate.org.uk/art/images/work/P/P11/P11714_8.jpg","#9D968C","#C4BDB2","#E3DDD3"
"Chromium",1994,1990,"P77716","http://www.tate.org.uk/art/images/work/P/P77/P77716_8.jpg","#343433","#F2EFEC","#A5A4A0"
"Untitled A",1992,1990,"P77734","http://www.tate.org.uk/art/images/work/P/P77/P77734_8.jpg","#2E2C28","#E6E6DC","#A7A69F"
"Space, Time and Four Dimensions",1992,1990,"T07494","http://www.tate.org.uk/art/images/work/T/T07/T07494_8.jpg","#DCF1EB","#375271","#9ABFCB"
"[no title]",1995,1990,"P77962","http://www.tate.org.uk/art/images/work/P/P77/P77962_8.jpg","#35210F","#9A5F1D","#968B4C"
"Nataraja",1993,1990,"T06859","http://www.tate.org.uk/art/images/work/T/T06/T06859_8.jpg","#7A817E","#B5B8B3","#D48D69"
"[no title]",1997,1990,"T07610","http://www.tate.org.uk/art/images/work/T/T07/T07610_8.jpg","#DACBAD","#794F47","#AAB1F0"
"[no title]",1997,1990,"P78128","http://www.tate.org.uk/art/images/work/P/P78/P78128_8.jpg","#838B86","#E3E0DA","#BBBFB9"
"Visceral Canker",1990,1990,"T12769","http://www.tate.org.uk/art/images/work/T/T12/T12769_8.jpg","#9D6C64","#D0ADA0","#EFE7E3"
"Drawing (with pigment)",1995,1990,"T13457","http://www.tate.org.uk/art/images/work/T/T13/T13457_8.jpg","#EAE3D5","#E6DDCD","#6D675B"
"IV",1997,1990,"P20188","http://www.tate.org.uk/art/images/work/P/P20/P20188_8.jpg","#ECEAE9","#DBD6D5","#AAA3A1"
"Tin",1994,1990,"P77721","http://www.tate.org.uk/art/images/work/P/P77/P77721_8.jpg","#EBECE7","#585955","#B9BEB9"
"Nuncio Monsignor Calabresi, Cardinal Aramburu, Viola, Lambruschini and Galtieri (Photo: Loiácono) + ‘Banner of the Spanish Inquisition’, Etching by Bembard Picart",1995,1990,"P79531","http://www.tate.org.uk/art/images/work/P/P79/P79531_8.jpg","#5B5B5B","#DCDCDC","#A1A1A1"
"Joseph Beuys: Manresa. Photo exhibition for the Action. Caritas-Pirckheimer House Nuremberg",1998,1990,"AR01030","http://www.tate.org.uk/art/images/work/AR/AR01030_8.jpg","#F0F0F2","#7C7D7E","#BABCBD"
"Lelant, November 1998",1998,1990,"T12327","http://www.tate.org.uk/art/images/work/T/T12/T12327_8.jpg","#9E9E8D","#C1B79E","#CEC3AB"
"[no title]",1998,1990,"P20184","http://www.tate.org.uk/art/images/work/P/P20/P20184_8.jpg","#3B332F","#95876D","#A2A99B"
"Sculptress",1994,1990,"P77690","http://www.tate.org.uk/art/images/work/P/P77/P77690_8.jpg","#F0E9DB","#EFE7DC","#C0B8AB"
"Joseph Beuys: Plastische Bilder und Wasserfarbenblätter. Galerie der Stadt Kornwestheim.",1991,1990,"AR01086","http://www.tate.org.uk/art/images/work/AR/AR01086_8.jpg","#E2D9D4","#C9A48D","#A77C6F"
"Rain",2001,2000,"P78585","http://www.tate.org.uk/art/images/work/P/P78/P78585_8.jpg","#5F6E60","#409B55","#73D887"
"Anonymous. UNRWA school, South Lebanon, 1960s. Hashem el Madani",2007,2000,"P79406","http://www.tate.org.uk/art/images/work/P/P79/P79406_8.jpg","#473D33","#957D5E","#A7977D"
"Herb Robert",2002,2000,"P78725","http://www.tate.org.uk/art/images/work/P/P78/P78725_8.jpg","#F3F3F3","#D4D4D4","#B7B7B7"
"The Never Ending Book",2007,2000,"T12927","http://www.tate.org.uk/art/images/work/T/T12/T12927_8.jpg","#7F7774","#EAE4E1","#D6BF91"
"Collectors",2006,2000,"T12410","http://www.tate.org.uk/art/images/work/T/T12/T12410_8.jpg","#E2E0DE","#C5AD91","#AB937C"
"Fokker DVIII",2001,2000,"P78635","http://www.tate.org.uk/art/images/work/P/P78/P78635_8.jpg","#81815F","#DCDBD7","#C5BCAA"
"MAPPING THE STUDIO II with color shift, flip, flop, & flip/flop (Fat Chance John Cage)",2001,2000,"T11893","http://www.tate.org.uk/art/images/work/T/T11/T11893_8.jpg","#112125","#688795","#9DCDCE"
"Anonymous. Studio Shehrazade, Saida, Lebanon, late 1960s. Standard frontal portrait, mandatory for candidates to military service. Hashem el Madani",2007,2000,"P79404","http://www.tate.org.uk/art/images/work/P/P79/P79404_8.jpg","#535353","#959595","#D7D7D7"
"[no title]",2001,2000,"P79593","http://www.tate.org.uk/art/images/work/P/P79/P79593_8.jpg","#6C7072","#F6F7F6","#B5BAC2"
"Untitled Drawing",2000,2000,"T07965","http://www.tate.org.uk/art/images/work/T/T07/T07965_8.jpg","#F2E3CD","#786C63","#D3C3AE"
"Empossamento #8",2003,2000,"P79351","http://www.tate.org.uk/art/images/work/P/P79/P79351_8.jpg","#4D4D4D","#E4E4E4","#9D9D9D"
"[title not known]",2000,2000,"P11919","http://www.tate.org.uk/art/images/work/P/P11/P11919_8.jpg","#363A3A","#F1F2EB","#9A9D9B"
"Flat Time I-IO",2004,2000,"P79066","http://www.tate.org.uk/art/images/work/P/P79/P79066_8.jpg","#6F6D7E","#EFF0F5","#B1AFC3"
"[no title]",2000,2000,"P78578","http://www.tate.org.uk/art/images/work/P/P78/P78578_8.jpg","#FAFAF5","#F3EDDB","#62605E"
"Hate and Power Can be a Terrible Thing",2004,2000,"T11891","http://www.tate.org.uk/art/images/work/T/T11/T11891_8.jpg","#926E6E","#C6A3A2","#F0ECEE"
"Noeme",2004,2000,"T12275","http://www.tate.org.uk/art/images/work/T/T12/T12275_8.jpg","#2E2918","#977B4F",NA
"Kodak",2006,2000,"T12407","http://www.tate.org.uk/art/images/work/T/T12/T12407_8.jpg","#4C2447","#94669B","#C7B0CE"
"Thirteen",2006,2000,"T12486","http://www.tate.org.uk/art/images/work/T/T12/T12486_8.jpg","#C2B5A0","#DED7C6","#827768"
"Mask XIV",2006,2000,"T12347","http://www.tate.org.uk/art/images/work/T/T12/T12347_8.jpg","#504941","#DAD1C6","#A2988C"
"S.26.02",2002,2000,"P78740","http://www.tate.org.uk/art/images/work/P/P78/P78740_8.jpg","#FBFAF7","#E3DFD2","#928767"
"Web Ladder",2010,2010,"AR01155","http://www.tate.org.uk/art/images/work/AR/AR01155_8.jpg","#444231","#9F9A76","#889584"
"10pm Saturday",2012,2010,"T13655","http://www.tate.org.uk/art/images/work/T/T13/T13655_8.jpg","#383531","#9F7B7E","#D9B7B9"
"Untitled (People saluting)",2010,2010,"P13219","http://www.tate.org.uk/art/images/work/P/P13/P13219_8.jpg","#EFEFEF","#5B5B5B","#BCBCBB"
"Untitled",2010,2010,"T13409","http://www.tate.org.uk/art/images/work/T/T13/T13409_8.jpg","#EFDF54","#EAEAE7","#7D795D"
"Political 1 sheet 19",2010,2010,"P13227","http://www.tate.org.uk/art/images/work/P/P13/P13227_8.jpg","#5F5D5C","#A39592","#DCDAD9"
"May Heaven Preserve You From Dangers and Assassins",2010,2010,"T13449","http://www.tate.org.uk/art/images/work/T/T13/T13449_8.jpg","#93939C","#B6B7C0","#DDDDE0"
"Zebe",2010,2010,"T13592","http://www.tate.org.uk/art/images/work/T/T13/T13592_8.jpg","#8F7B6D","#CD7D53","#DCD3BE"
"NUD CYCLADIC 3",2010,2010,"T13451","http://www.tate.org.uk/art/images/work/T/T13/T13451_8.jpg","#C3A88C","#DBD9D6","#AB9987"
"Untitled (Two women hiding)",2010,2010,"P13216","http://www.tate.org.uk/art/images/work/P/P13/P13216_8.jpg","#F0F0F1","#4E4E4E","#BBBBBD"
"Falling Stars",2010,2010,"AR01158","http://www.tate.org.uk/art/images/work/AR/AR01158_8.jpg","#433E30","#9E9379","#9F9F94"
"Balindile I",2012,2010,"T13737","http://www.tate.org.uk/art/images/work/T/T13/T13737_8.jpg","#C5B6A6","#EBEBEB","#8F8478"
"Ikhonkco",2010,2010,"T13243","http://www.tate.org.uk/art/images/work/T/T13/T13243_8.jpg","#EDE9E9","#E1D4D4","#AEA3A1"
"Untitled",2010,2010,"T13581","http://www.tate.org.uk/art/images/work/T/T13/T13581_8.jpg","#5C5543","#95825E","#CB9C56"
"Macaleni Iintozomlambo",2010,2010,"T13242","http://www.tate.org.uk/art/images/work/T/T13/T13242_8.jpg","#F5F1F0","#E8DACE","#D1AF9E"
"The Generosity",2010,2010,"T13654","http://www.tate.org.uk/art/images/work/T/T13/T13654_8.jpg","#4A4841","#999485","#D9D6C1"
"Untitled (Girl looking)",2010,2010,"P13220","http://www.tate.org.uk/art/images/work/P/P13/P13220_8.jpg","#F0F0F1","#878787","#BBBBBD"
"Staircase-III",2010,2010,"T13344","http://www.tate.org.uk/art/images/work/T/T13/T13344_8.jpg","#A06E65","#DC7163","#EAE1D6"
"Space I",2010,2010,"T13349","http://www.tate.org.uk/art/images/work/T/T13/T13349_8.jpg","#9C9997","#8B8682","#BFBBB5"
"NUD CYCLADIC 6",2010,2010,"T13453","http://www.tate.org.uk/art/images/work/T/T13/T13453_8.jpg","#9B958D","#DFDCD7","#C6AE90"
"NUD CYCLADIC 10",2010,2010,"T13452","http://www.tate.org.uk/art/images/work/T/T13/T13452_8.jpg","#AE9881","#E0DDD9","#C3AA8D"
